SourceBus,3000,6500
N650,3000,5900
N630,3000,4900
N632,3000,3900
N6321,3000,2900
N671,3000,1900
N680,3000,900
N633,4000,4000
N634,5000,4000
N692,4000,2000
N675,5000,2000
N645,2000,4000
N646,1000,4000
N684,2000,2000
N611,1000,2000
N652,2000,1000
xfmr_meter_632_A_1,2920,3800
trip_node_632_A_1,2920,3800
xfmr_meter_632_A_2,2920,3800
trip_node_632_A_2,2930,3800
xfmr_meter_632_A_3,2920,3800
trip_node_632_A_3,2940,3800
xfmr_meter_632_A_4,2920,3800
trip_node_632_A_4,2950,3800
xfmr_meter_632_A_5,2920,3800
trip_node_632_A_5,2960,3800
xfmr_meter_632_B_1,2920,3800
trip_node_632_B_1,2970,3800
xfmr_meter_632_B_2,2920,3800
trip_node_632_B_2,2980,3800
xfmr_meter_632_B_3,2920,3800
trip_node_632_B_3,2990,3800
xfmr_meter_632_B_4,2920,3800
trip_node_632_B_4,3000,3800
xfmr_meter_632_B_5,2920,3800
trip_node_632_B_5,3010,3800
xfmr_meter_632_C_1,2920,3800
trip_node_632_C_1,3020,3800
xfmr_meter_632_C_2,2920,3800
trip_node_632_C_2,3030,3800
xfmr_meter_632_C_3,2920,3800
trip_node_632_C_3,3040,3800
xfmr_meter_632_C_4,2920,3800
trip_node_632_C_4,3050,3800
xfmr_meter_632_C_5,2920,3800
trip_node_632_C_5,3060,3800
meter_632_A,2920,3800
meter_632_B,3000,3800
meter_632_C,3080,3800
trip_load_632_A_h_1,2860,3800
trip_load_632_A_h_2,2862,3800
trip_load_632_A_h_3,2864,3800
trip_load_632_A_h_4,2866,3800
trip_load_632_A_h_5,2868,3800
trip_load_632_A_h_6,2870,3800
trip_load_632_A_h_7,2872,3800
trip_load_632_A_h_8,2874,3800
trip_load_632_A_h_9,2876,3800
trip_load_632_A_h_10,2878,3800
trip_load_632_A_h_11,2880,3800
trip_load_632_A_h_12,2882,3800
trip_load_632_A_h_13,2884,3800
trip_load_632_A_h_14,2886,3800
trip_load_632_A_h_15,2888,3800
trip_load_632_A_h_16,2890,3800
trip_load_632_A_h_17,2892,3800
trip_load_632_A_h_18,2894,3800
trip_load_632_A_h_19,2896,3800
trip_load_632_A_h_20,2898,3800
trip_load_632_A_h_21,2900,3800
trip_load_632_A_h_22,2902,3800
trip_load_632_A_h_23,2904,3800
trip_load_632_A_h_24,2906,3800
trip_load_632_A_h_25,2908,3800
trip_load_632_A_h_26,2910,3800
trip_load_632_A_h_27,2912,3800
trip_load_632_A_h_28,2914,3800
trip_load_632_A_h_29,2916,3800
trip_load_632_A_h_30,2918,3800
trip_load_632_A_h_31,2920,3800
trip_load_632_A_h_32,2922,3800
trip_load_632_A_h_33,2924,3800
trip_load_632_A_h_34,2926,3800
trip_load_632_A_h_35,2928,3800
trip_load_632_A_h_36,2930,3800
trip_load_632_A_h_37,2932,3800
trip_load_632_A_h_38,2934,3800
trip_load_632_A_h_39,2936,3800
trip_load_632_A_h_40,2938,3800
trip_load_632_B_h_1,2940,3800
trip_load_632_B_h_2,2942,3800
trip_load_632_B_h_3,2944,3800
trip_load_632_B_h_4,2946,3800
trip_load_632_B_h_5,2948,3800
trip_load_632_B_h_6,2950,3800
trip_load_632_B_h_7,2952,3800
trip_load_632_B_h_8,2954,3800
trip_load_632_B_h_9,2956,3800
trip_load_632_B_h_10,2958,3800
trip_load_632_B_h_11,2960,3800
trip_load_632_B_h_12,2962,3800
trip_load_632_B_h_13,2964,3800
trip_load_632_B_h_14,2966,3800
trip_load_632_B_h_15,2968,3800
trip_load_632_B_h_16,2970,3800
trip_load_632_B_h_17,2972,3800
trip_load_632_B_h_18,2974,3800
trip_load_632_B_h_19,2976,3800
trip_load_632_B_h_20,2978,3800
trip_load_632_B_h_21,2980,3800
trip_load_632_B_h_22,2982,3800
trip_load_632_B_h_23,2984,3800
trip_load_632_B_h_24,2986,3800
trip_load_632_B_h_25,2988,3800
trip_load_632_B_h_26,2990,3800
trip_load_632_B_h_27,2992,3800
trip_load_632_B_h_28,2994,3800
trip_load_632_B_h_29,2996,3800
trip_load_632_B_h_30,2998,3800
trip_load_632_B_h_31,3000,3800
trip_load_632_B_h_32,3002,3800
trip_load_632_B_h_33,3004,3800
trip_load_632_B_h_34,3006,3800
trip_load_632_B_h_35,3008,3800
trip_load_632_B_h_36,3010,3800
trip_load_632_B_h_37,3012,3800
trip_load_632_B_h_38,3014,3800
trip_load_632_B_h_39,3016,3800
trip_load_632_B_h_40,3018,3800
trip_load_632_C_h_1,3020,3800
trip_load_632_C_h_2,3022,3800
trip_load_632_C_h_3,3024,3800
trip_load_632_C_h_4,3026,3800
trip_load_632_C_h_5,3028,3800
trip_load_632_C_h_6,3030,3800
trip_load_632_C_h_7,3032,3800
trip_load_632_C_h_8,3034,3800
trip_load_632_C_h_9,3036,3800
trip_load_632_C_h_10,3038,3800
trip_load_632_C_h_11,3040,3800
trip_load_632_C_h_12,3042,3800
trip_load_632_C_h_13,3044,3800
trip_load_632_C_h_14,3046,3800
trip_load_632_C_h_15,3048,3800
trip_load_632_C_h_16,3050,3800
trip_load_632_C_h_17,3052,3800
trip_load_632_C_h_18,3054,3800
trip_load_632_C_h_19,3056,3800
trip_load_632_C_h_20,3058,3800
trip_load_632_C_h_21,3060,3800
trip_load_632_C_h_22,3062,3800
trip_load_632_C_h_23,3064,3800
trip_load_632_C_h_24,3066,3800
trip_load_632_C_h_25,3068,3800
trip_load_632_C_h_26,3070,3800
trip_load_632_C_h_27,3072,3800
trip_load_632_C_h_28,3074,3800
trip_load_632_C_h_29,3076,3800
trip_load_632_C_h_30,3078,3800
trip_load_632_C_h_31,3080,3800
trip_load_632_C_h_32,3082,3800
trip_load_632_C_h_33,3084,3800
trip_load_632_C_h_34,3086,3800
trip_load_632_C_h_35,3088,3800
trip_load_632_C_h_36,3090,3800
trip_load_632_C_h_37,3092,3800
trip_load_632_C_h_38,3094,3800
trip_load_632_C_h_39,3096,3800
trip_load_632_C_h_40,3098,3800
xfmr_meter_671_A_1,2920,1800
trip_node_671_A_1,2920,1800
xfmr_meter_671_A_2,2920,1800
trip_node_671_A_2,2930,1800
xfmr_meter_671_A_3,2920,1800
trip_node_671_A_3,2940,1800
xfmr_meter_671_A_4,2920,1800
trip_node_671_A_4,2950,1800
xfmr_meter_671_A_5,2920,1800
trip_node_671_A_5,2960,1800
xfmr_meter_671_B_1,2920,1800
trip_node_671_B_1,2970,1800
xfmr_meter_671_B_2,2920,1800
trip_node_671_B_2,2980,1800
xfmr_meter_671_B_3,2920,1800
trip_node_671_B_3,2990,1800
xfmr_meter_671_B_4,2920,1800
trip_node_671_B_4,3000,1800
xfmr_meter_671_B_5,2920,1800
trip_node_671_B_5,3010,1800
xfmr_meter_671_C_1,2920,1800
trip_node_671_C_1,3020,1800
xfmr_meter_671_C_2,2920,1800
trip_node_671_C_2,3030,1800
xfmr_meter_671_C_3,2920,1800
trip_node_671_C_3,3040,1800
xfmr_meter_671_C_4,2920,1800
trip_node_671_C_4,3050,1800
xfmr_meter_671_C_5,2920,1800
trip_node_671_C_5,3060,1800
meter_671_A,2920,1800
meter_671_B,3000,1800
meter_671_C,3080,1800
trip_load_671_A_h_1,2860,1800
trip_load_671_A_h_2,2862,1800
trip_load_671_A_h_3,2864,1800
trip_load_671_A_h_4,2866,1800
trip_load_671_A_h_5,2868,1800
trip_load_671_A_h_6,2870,1800
trip_load_671_A_h_7,2872,1800
trip_load_671_A_h_8,2874,1800
trip_load_671_A_h_9,2876,1800
trip_load_671_A_h_10,2878,1800
trip_load_671_A_h_11,2880,1800
trip_load_671_A_h_12,2882,1800
trip_load_671_A_h_13,2884,1800
trip_load_671_A_h_14,2886,1800
trip_load_671_A_h_15,2888,1800
trip_load_671_A_h_16,2890,1800
trip_load_671_A_h_17,2892,1800
trip_load_671_A_h_18,2894,1800
trip_load_671_A_h_19,2896,1800
trip_load_671_A_h_20,2898,1800
trip_load_671_A_h_21,2900,1800
trip_load_671_A_h_22,2902,1800
trip_load_671_A_h_23,2904,1800
trip_load_671_A_h_24,2906,1800
trip_load_671_A_h_25,2908,1800
trip_load_671_A_h_26,2910,1800
trip_load_671_A_h_27,2912,1800
trip_load_671_A_h_28,2914,1800
trip_load_671_A_h_29,2916,1800
trip_load_671_A_h_30,2918,1800
trip_load_671_A_h_31,2920,1800
trip_load_671_A_h_32,2922,1800
trip_load_671_A_h_33,2924,1800
trip_load_671_A_h_34,2926,1800
trip_load_671_A_h_35,2928,1800
trip_load_671_A_h_36,2930,1800
trip_load_671_A_h_37,2932,1800
trip_load_671_A_h_38,2934,1800
trip_load_671_A_h_39,2936,1800
trip_load_671_A_h_40,2938,1800
trip_load_671_B_h_1,2940,1800
trip_load_671_B_h_2,2942,1800
trip_load_671_B_h_3,2944,1800
trip_load_671_B_h_4,2946,1800
trip_load_671_B_h_5,2948,1800
trip_load_671_B_h_6,2950,1800
trip_load_671_B_h_7,2952,1800
trip_load_671_B_h_8,2954,1800
trip_load_671_B_h_9,2956,1800
trip_load_671_B_h_10,2958,1800
trip_load_671_B_h_11,2960,1800
trip_load_671_B_h_12,2962,1800
trip_load_671_B_h_13,2964,1800
trip_load_671_B_h_14,2966,1800
trip_load_671_B_h_15,2968,1800
trip_load_671_B_h_16,2970,1800
trip_load_671_B_h_17,2972,1800
trip_load_671_B_h_18,2974,1800
trip_load_671_B_h_19,2976,1800
trip_load_671_B_h_20,2978,1800
trip_load_671_B_h_21,2980,1800
trip_load_671_B_h_22,2982,1800
trip_load_671_B_h_23,2984,1800
trip_load_671_B_h_24,2986,1800
trip_load_671_B_h_25,2988,1800
trip_load_671_B_h_26,2990,1800
trip_load_671_B_h_27,2992,1800
trip_load_671_B_h_28,2994,1800
trip_load_671_B_h_29,2996,1800
trip_load_671_B_h_30,2998,1800
trip_load_671_B_h_31,3000,1800
trip_load_671_B_h_32,3002,1800
trip_load_671_B_h_33,3004,1800
trip_load_671_B_h_34,3006,1800
trip_load_671_B_h_35,3008,1800
trip_load_671_B_h_36,3010,1800
trip_load_671_B_h_37,3012,1800
trip_load_671_B_h_38,3014,1800
trip_load_671_B_h_39,3016,1800
trip_load_671_B_h_40,3018,1800
trip_load_671_C_h_1,3020,1800
trip_load_671_C_h_2,3022,1800
trip_load_671_C_h_3,3024,1800
trip_load_671_C_h_4,3026,1800
trip_load_671_C_h_5,3028,1800
trip_load_671_C_h_6,3030,1800
trip_load_671_C_h_7,3032,1800
trip_load_671_C_h_8,3034,1800
trip_load_671_C_h_9,3036,1800
trip_load_671_C_h_10,3038,1800
trip_load_671_C_h_11,3040,1800
trip_load_671_C_h_12,3042,1800
trip_load_671_C_h_13,3044,1800
trip_load_671_C_h_14,3046,1800
trip_load_671_C_h_15,3048,1800
trip_load_671_C_h_16,3050,1800
trip_load_671_C_h_17,3052,1800
trip_load_671_C_h_18,3054,1800
trip_load_671_C_h_19,3056,1800
trip_load_671_C_h_20,3058,1800
trip_load_671_C_h_21,3060,1800
trip_load_671_C_h_22,3062,1800
trip_load_671_C_h_23,3064,1800
trip_load_671_C_h_24,3066,1800
trip_load_671_C_h_25,3068,1800
trip_load_671_C_h_26,3070,1800
trip_load_671_C_h_27,3072,1800
trip_load_671_C_h_28,3074,1800
trip_load_671_C_h_29,3076,1800
trip_load_671_C_h_30,3078,1800
trip_load_671_C_h_31,3080,1800
trip_load_671_C_h_32,3082,1800
trip_load_671_C_h_33,3084,1800
trip_load_671_C_h_34,3086,1800
trip_load_671_C_h_35,3088,1800
trip_load_671_C_h_36,3090,1800
trip_load_671_C_h_37,3092,1800
trip_load_671_C_h_38,3094,1800
trip_load_671_C_h_39,3096,1800
trip_load_671_C_h_40,3098,1800
xfmr_meter_680_A_1,2920,800
trip_node_680_A_1,2920,800
xfmr_meter_680_A_2,2920,800
trip_node_680_A_2,2930,800
xfmr_meter_680_A_3,2920,800
trip_node_680_A_3,2940,800
xfmr_meter_680_A_4,2920,800
trip_node_680_A_4,2950,800
xfmr_meter_680_A_5,2920,800
trip_node_680_A_5,2960,800
xfmr_meter_680_B_1,2920,800
trip_node_680_B_1,2970,800
xfmr_meter_680_B_2,2920,800
trip_node_680_B_2,2980,800
xfmr_meter_680_B_3,2920,800
trip_node_680_B_3,2990,800
xfmr_meter_680_B_4,2920,800
trip_node_680_B_4,3000,800
xfmr_meter_680_B_5,2920,800
trip_node_680_B_5,3010,800
xfmr_meter_680_C_1,2920,800
trip_node_680_C_1,3020,800
xfmr_meter_680_C_2,2920,800
trip_node_680_C_2,3030,800
xfmr_meter_680_C_3,2920,800
trip_node_680_C_3,3040,800
xfmr_meter_680_C_4,2920,800
trip_node_680_C_4,3050,800
xfmr_meter_680_C_5,2920,800
trip_node_680_C_5,3060,800
meter_680_A,2920,800
meter_680_B,3000,800
meter_680_C,3080,800
trip_load_680_A_h_1,2860,800
trip_load_680_A_h_2,2862,800
trip_load_680_A_h_3,2864,800
trip_load_680_A_h_4,2866,800
trip_load_680_A_h_5,2868,800
trip_load_680_A_h_6,2870,800
trip_load_680_A_h_7,2872,800
trip_load_680_A_h_8,2874,800
trip_load_680_A_h_9,2876,800
trip_load_680_A_h_10,2878,800
trip_load_680_A_h_11,2880,800
trip_load_680_A_h_12,2882,800
trip_load_680_A_h_13,2884,800
trip_load_680_A_h_14,2886,800
trip_load_680_A_h_15,2888,800
trip_load_680_A_h_16,2890,800
trip_load_680_A_h_17,2892,800
trip_load_680_A_h_18,2894,800
trip_load_680_A_h_19,2896,800
trip_load_680_A_h_20,2898,800
trip_load_680_A_h_21,2900,800
trip_load_680_A_h_22,2902,800
trip_load_680_A_h_23,2904,800
trip_load_680_A_h_24,2906,800
trip_load_680_A_h_25,2908,800
trip_load_680_A_h_26,2910,800
trip_load_680_A_h_27,2912,800
trip_load_680_A_h_28,2914,800
trip_load_680_A_h_29,2916,800
trip_load_680_A_h_30,2918,800
trip_load_680_A_h_31,2920,800
trip_load_680_A_h_32,2922,800
trip_load_680_A_h_33,2924,800
trip_load_680_A_h_34,2926,800
trip_load_680_A_h_35,2928,800
trip_load_680_A_h_36,2930,800
trip_load_680_A_h_37,2932,800
trip_load_680_A_h_38,2934,800
trip_load_680_A_h_39,2936,800
trip_load_680_A_h_40,2938,800
trip_load_680_B_h_1,2940,800
trip_load_680_B_h_2,2942,800
trip_load_680_B_h_3,2944,800
trip_load_680_B_h_4,2946,800
trip_load_680_B_h_5,2948,800
trip_load_680_B_h_6,2950,800
trip_load_680_B_h_7,2952,800
trip_load_680_B_h_8,2954,800
trip_load_680_B_h_9,2956,800
trip_load_680_B_h_10,2958,800
trip_load_680_B_h_11,2960,800
trip_load_680_B_h_12,2962,800
trip_load_680_B_h_13,2964,800
trip_load_680_B_h_14,2966,800
trip_load_680_B_h_15,2968,800
trip_load_680_B_h_16,2970,800
trip_load_680_B_h_17,2972,800
trip_load_680_B_h_18,2974,800
trip_load_680_B_h_19,2976,800
trip_load_680_B_h_20,2978,800
trip_load_680_B_h_21,2980,800
trip_load_680_B_h_22,2982,800
trip_load_680_B_h_23,2984,800
trip_load_680_B_h_24,2986,800
trip_load_680_B_h_25,2988,800
trip_load_680_B_h_26,2990,800
trip_load_680_B_h_27,2992,800
trip_load_680_B_h_28,2994,800
trip_load_680_B_h_29,2996,800
trip_load_680_B_h_30,2998,800
trip_load_680_B_h_31,3000,800
trip_load_680_B_h_32,3002,800
trip_load_680_B_h_33,3004,800
trip_load_680_B_h_34,3006,800
trip_load_680_B_h_35,3008,800
trip_load_680_B_h_36,3010,800
trip_load_680_B_h_37,3012,800
trip_load_680_B_h_38,3014,800
trip_load_680_B_h_39,3016,800
trip_load_680_B_h_40,3018,800
trip_load_680_C_h_1,3020,800
trip_load_680_C_h_2,3022,800
trip_load_680_C_h_3,3024,800
trip_load_680_C_h_4,3026,800
trip_load_680_C_h_5,3028,800
trip_load_680_C_h_6,3030,800
trip_load_680_C_h_7,3032,800
trip_load_680_C_h_8,3034,800
trip_load_680_C_h_9,3036,800
trip_load_680_C_h_10,3038,800
trip_load_680_C_h_11,3040,800
trip_load_680_C_h_12,3042,800
trip_load_680_C_h_13,3044,800
trip_load_680_C_h_14,3046,800
trip_load_680_C_h_15,3048,800
trip_load_680_C_h_16,3050,800
trip_load_680_C_h_17,3052,800
trip_load_680_C_h_18,3054,800
trip_load_680_C_h_19,3056,800
trip_load_680_C_h_20,3058,800
trip_load_680_C_h_21,3060,800
trip_load_680_C_h_22,3062,800
trip_load_680_C_h_23,3064,800
trip_load_680_C_h_24,3066,800
trip_load_680_C_h_25,3068,800
trip_load_680_C_h_26,3070,800
trip_load_680_C_h_27,3072,800
trip_load_680_C_h_28,3074,800
trip_load_680_C_h_29,3076,800
trip_load_680_C_h_30,3078,800
trip_load_680_C_h_31,3080,800
trip_load_680_C_h_32,3082,800
trip_load_680_C_h_33,3084,800
trip_load_680_C_h_34,3086,800
trip_load_680_C_h_35,3088,800
trip_load_680_C_h_36,3090,800
trip_load_680_C_h_37,3092,800
trip_load_680_C_h_38,3094,800
trip_load_680_C_h_39,3096,800
trip_load_680_C_h_40,3098,800
xfmr_meter_633_A_1,4080,3900
trip_node_633_A_1,4080,3900
xfmr_meter_633_A_2,4080,3900
trip_node_633_A_2,4090,3900
xfmr_meter_633_A_3,4080,3900
trip_node_633_A_3,4100,3900
xfmr_meter_633_A_4,4080,3900
trip_node_633_A_4,4110,3900
xfmr_meter_633_A_5,4080,3900
trip_node_633_A_5,4120,3900
xfmr_meter_633_B_1,4080,3900
trip_node_633_B_1,4130,3900
xfmr_meter_633_B_2,4080,3900
trip_node_633_B_2,4140,3900
xfmr_meter_633_B_3,4080,3900
trip_node_633_B_3,4150,3900
xfmr_meter_633_B_4,4080,3900
trip_node_633_B_4,4160,3900
xfmr_meter_633_B_5,4080,3900
trip_node_633_B_5,4170,3900
xfmr_meter_633_C_1,4080,3900
trip_node_633_C_1,4180,3900
xfmr_meter_633_C_2,4080,3900
trip_node_633_C_2,4190,3900
xfmr_meter_633_C_3,4080,3900
trip_node_633_C_3,4200,3900
xfmr_meter_633_C_4,4080,3900
trip_node_633_C_4,4210,3900
xfmr_meter_633_C_5,4080,3900
trip_node_633_C_5,4220,3900
meter_633_A,4080,3900
meter_633_B,4160,3900
meter_633_C,4240,3900
trip_load_633_A_h_1,3960,3900
trip_load_633_A_h_2,3962,3900
trip_load_633_A_h_3,3964,3900
trip_load_633_A_h_4,3966,3900
trip_load_633_A_h_5,3968,3900
trip_load_633_A_h_6,3970,3900
trip_load_633_A_h_7,3972,3900
trip_load_633_A_h_8,3974,3900
trip_load_633_A_h_9,3976,3900
trip_load_633_A_h_10,3978,3900
trip_load_633_A_h_11,3980,3900
trip_load_633_A_h_12,3982,3900
trip_load_633_A_h_13,3984,3900
trip_load_633_A_h_14,3986,3900
trip_load_633_A_h_15,3988,3900
trip_load_633_A_h_16,3990,3900
trip_load_633_A_h_17,3992,3900
trip_load_633_A_h_18,3994,3900
trip_load_633_A_h_19,3996,3900
trip_load_633_A_h_20,3998,3900
trip_load_633_A_h_21,4000,3900
trip_load_633_A_h_22,4002,3900
trip_load_633_A_h_23,4004,3900
trip_load_633_A_h_24,4006,3900
trip_load_633_A_h_25,4008,3900
trip_load_633_A_h_26,4010,3900
trip_load_633_A_h_27,4012,3900
trip_load_633_A_h_28,4014,3900
trip_load_633_A_h_29,4016,3900
trip_load_633_A_h_30,4018,3900
trip_load_633_A_h_31,4020,3900
trip_load_633_A_h_32,4022,3900
trip_load_633_A_h_33,4024,3900
trip_load_633_A_h_34,4026,3900
trip_load_633_A_h_35,4028,3900
trip_load_633_A_h_36,4030,3900
trip_load_633_A_h_37,4032,3900
trip_load_633_A_h_38,4034,3900
trip_load_633_A_h_39,4036,3900
trip_load_633_A_h_40,4038,3900
trip_load_633_B_h_1,4040,3900
trip_load_633_B_h_2,4042,3900
trip_load_633_B_h_3,4044,3900
trip_load_633_B_h_4,4046,3900
trip_load_633_B_h_5,4048,3900
trip_load_633_B_h_6,4050,3900
trip_load_633_B_h_7,4052,3900
trip_load_633_B_h_8,4054,3900
trip_load_633_B_h_9,4056,3900
trip_load_633_B_h_10,4058,3900
trip_load_633_B_h_11,4060,3900
trip_load_633_B_h_12,4062,3900
trip_load_633_B_h_13,4064,3900
trip_load_633_B_h_14,4066,3900
trip_load_633_B_h_15,4068,3900
trip_load_633_B_h_16,4070,3900
trip_load_633_B_h_17,4072,3900
trip_load_633_B_h_18,4074,3900
trip_load_633_B_h_19,4076,3900
trip_load_633_B_h_20,4078,3900
trip_load_633_B_h_21,4080,3900
trip_load_633_B_h_22,4082,3900
trip_load_633_B_h_23,4084,3900
trip_load_633_B_h_24,4086,3900
trip_load_633_B_h_25,4088,3900
trip_load_633_B_h_26,4090,3900
trip_load_633_B_h_27,4092,3900
trip_load_633_B_h_28,4094,3900
trip_load_633_B_h_29,4096,3900
trip_load_633_B_h_30,4098,3900
trip_load_633_B_h_31,4100,3900
trip_load_633_B_h_32,4102,3900
trip_load_633_B_h_33,4104,3900
trip_load_633_B_h_34,4106,3900
trip_load_633_B_h_35,4108,3900
trip_load_633_B_h_36,4110,3900
trip_load_633_B_h_37,4112,3900
trip_load_633_B_h_38,4114,3900
trip_load_633_B_h_39,4116,3900
trip_load_633_B_h_40,4118,3900
trip_load_633_C_h_1,4120,3900
trip_load_633_C_h_2,4122,3900
trip_load_633_C_h_3,4124,3900
trip_load_633_C_h_4,4126,3900
trip_load_633_C_h_5,4128,3900
trip_load_633_C_h_6,4130,3900
trip_load_633_C_h_7,4132,3900
trip_load_633_C_h_8,4134,3900
trip_load_633_C_h_9,4136,3900
trip_load_633_C_h_10,4138,3900
trip_load_633_C_h_11,4140,3900
trip_load_633_C_h_12,4142,3900
trip_load_633_C_h_13,4144,3900
trip_load_633_C_h_14,4146,3900
trip_load_633_C_h_15,4148,3900
trip_load_633_C_h_16,4150,3900
trip_load_633_C_h_17,4152,3900
trip_load_633_C_h_18,4154,3900
trip_load_633_C_h_19,4156,3900
trip_load_633_C_h_20,4158,3900
trip_load_633_C_h_21,4160,3900
trip_load_633_C_h_22,4162,3900
trip_load_633_C_h_23,4164,3900
trip_load_633_C_h_24,4166,3900
trip_load_633_C_h_25,4168,3900
trip_load_633_C_h_26,4170,3900
trip_load_633_C_h_27,4172,3900
trip_load_633_C_h_28,4174,3900
trip_load_633_C_h_29,4176,3900
trip_load_633_C_h_30,4178,3900
trip_load_633_C_h_31,4180,3900
trip_load_633_C_h_32,4182,3900
trip_load_633_C_h_33,4184,3900
trip_load_633_C_h_34,4186,3900
trip_load_633_C_h_35,4188,3900
trip_load_633_C_h_36,4190,3900
trip_load_633_C_h_37,4192,3900
trip_load_633_C_h_38,4194,3900
trip_load_633_C_h_39,4196,3900
trip_load_633_C_h_40,4198,3900
xfmr_meter_692_A_1,3920,1900
trip_node_692_A_1,3920,1900
xfmr_meter_692_A_2,3920,1900
trip_node_692_A_2,3930,1900
xfmr_meter_692_A_3,3920,1900
trip_node_692_A_3,3940,1900
xfmr_meter_692_A_4,3920,1900
trip_node_692_A_4,3950,1900
xfmr_meter_692_A_5,3920,1900
trip_node_692_A_5,3960,1900
xfmr_meter_692_B_1,3920,1900
trip_node_692_B_1,3970,1900
xfmr_meter_692_B_2,3920,1900
trip_node_692_B_2,3980,1900
xfmr_meter_692_B_3,3920,1900
trip_node_692_B_3,3990,1900
xfmr_meter_692_B_4,3920,1900
trip_node_692_B_4,4000,1900
xfmr_meter_692_B_5,3920,1900
trip_node_692_B_5,4010,1900
xfmr_meter_692_C_1,3920,1900
trip_node_692_C_1,4020,1900
xfmr_meter_692_C_2,3920,1900
trip_node_692_C_2,4030,1900
xfmr_meter_692_C_3,3920,1900
trip_node_692_C_3,4040,1900
xfmr_meter_692_C_4,3920,1900
trip_node_692_C_4,4050,1900
xfmr_meter_692_C_5,3920,1900
trip_node_692_C_5,4060,1900
meter_692_A,3920,1900
meter_692_B,4000,1900
meter_692_C,4080,1900
trip_load_692_A_h_1,3920,1900
trip_load_692_A_h_2,3922,1900
trip_load_692_A_h_3,3924,1900
trip_load_692_A_h_4,3926,1900
trip_load_692_A_h_5,3928,1900
trip_load_692_A_h_6,3930,1900
trip_load_692_A_h_7,3932,1900
trip_load_692_A_h_8,3934,1900
trip_load_692_A_h_9,3936,1900
trip_load_692_A_h_10,3938,1900
trip_load_692_A_h_11,3940,1900
trip_load_692_A_h_12,3942,1900
trip_load_692_A_h_13,3944,1900
trip_load_692_A_h_14,3946,1900
trip_load_692_A_h_15,3948,1900
trip_load_692_A_h_16,3950,1900
trip_load_692_A_h_17,3952,1900
trip_load_692_A_h_18,3954,1900
trip_load_692_A_h_19,3956,1900
trip_load_692_A_h_20,3958,1900
trip_load_692_A_h_21,3960,1900
trip_load_692_A_h_22,3962,1900
trip_load_692_A_h_23,3964,1900
trip_load_692_A_h_24,3966,1900
trip_load_692_A_h_25,3968,1900
trip_load_692_A_h_26,3970,1900
trip_load_692_A_h_27,3972,1900
trip_load_692_A_h_28,3974,1900
trip_load_692_A_h_29,3976,1900
trip_load_692_A_h_30,3978,1900
trip_load_692_A_h_31,3980,1900
trip_load_692_A_h_32,3982,1900
trip_load_692_A_h_33,3984,1900
trip_load_692_A_h_34,3986,1900
trip_load_692_A_h_35,3988,1900
trip_load_692_A_h_36,3990,1900
trip_load_692_A_h_37,3992,1900
trip_load_692_A_h_38,3994,1900
trip_load_692_A_h_39,3996,1900
trip_load_692_A_h_40,3998,1900
trip_load_692_B_h_1,4000,1900
trip_load_692_B_h_2,4002,1900
trip_load_692_B_h_3,4004,1900
trip_load_692_B_h_4,4006,1900
trip_load_692_B_h_5,4008,1900
trip_load_692_B_h_6,4010,1900
trip_load_692_B_h_7,4012,1900
trip_load_692_B_h_8,4014,1900
trip_load_692_B_h_9,4016,1900
trip_load_692_B_h_10,4018,1900
trip_load_692_B_h_11,4020,1900
trip_load_692_B_h_12,4022,1900
trip_load_692_B_h_13,4024,1900
trip_load_692_B_h_14,4026,1900
trip_load_692_B_h_15,4028,1900
trip_load_692_B_h_16,4030,1900
trip_load_692_B_h_17,4032,1900
trip_load_692_B_h_18,4034,1900
trip_load_692_B_h_19,4036,1900
trip_load_692_B_h_20,4038,1900
trip_load_692_B_h_21,4040,1900
trip_load_692_B_h_22,4042,1900
trip_load_692_B_h_23,4044,1900
trip_load_692_B_h_24,4046,1900
trip_load_692_B_h_25,4048,1900
trip_load_692_B_h_26,4050,1900
trip_load_692_B_h_27,4052,1900
trip_load_692_B_h_28,4054,1900
trip_load_692_B_h_29,4056,1900
trip_load_692_B_h_30,4058,1900
trip_load_692_B_h_31,4060,1900
trip_load_692_B_h_32,4062,1900
trip_load_692_B_h_33,4064,1900
trip_load_692_B_h_34,4066,1900
trip_load_692_B_h_35,4068,1900
trip_load_692_B_h_36,4070,1900
trip_load_692_B_h_37,4072,1900
trip_load_692_B_h_38,4074,1900
trip_load_692_B_h_39,4076,1900
trip_load_692_B_h_40,4078,1900
trip_load_692_C_h_1,4080,1900
trip_load_692_C_h_2,4082,1900
trip_load_692_C_h_3,4084,1900
trip_load_692_C_h_4,4086,1900
trip_load_692_C_h_5,4088,1900
trip_load_692_C_h_6,4090,1900
trip_load_692_C_h_7,4092,1900
trip_load_692_C_h_8,4094,1900
trip_load_692_C_h_9,4096,1900
trip_load_692_C_h_10,4098,1900
trip_load_692_C_h_11,4100,1900
trip_load_692_C_h_12,4102,1900
trip_load_692_C_h_13,4104,1900
trip_load_692_C_h_14,4106,1900
trip_load_692_C_h_15,4108,1900
trip_load_692_C_h_16,4110,1900
trip_load_692_C_h_17,4112,1900
trip_load_692_C_h_18,4114,1900
trip_load_692_C_h_19,4116,1900
trip_load_692_C_h_20,4118,1900
trip_load_692_C_h_21,4120,1900
trip_load_692_C_h_22,4122,1900
trip_load_692_C_h_23,4124,1900
trip_load_692_C_h_24,4126,1900
trip_load_692_C_h_25,4128,1900
trip_load_692_C_h_26,4130,1900
trip_load_692_C_h_27,4132,1900
trip_load_692_C_h_28,4134,1900
trip_load_692_C_h_29,4136,1900
trip_load_692_C_h_30,4138,1900
trip_load_692_C_h_31,4140,1900
trip_load_692_C_h_32,4142,1900
trip_load_692_C_h_33,4144,1900
trip_load_692_C_h_34,4146,1900
trip_load_692_C_h_35,4148,1900
trip_load_692_C_h_36,4150,1900
trip_load_692_C_h_37,4152,1900
trip_load_692_C_h_38,4154,1900
trip_load_692_C_h_39,4156,1900
trip_load_692_C_h_40,4158,1900
xfmr_meter_675_A_1,4920,1900
trip_node_675_A_1,4920,1900
xfmr_meter_675_A_2,4920,1900
trip_node_675_A_2,4930,1900
xfmr_meter_675_A_3,4920,1900
trip_node_675_A_3,4940,1900
xfmr_meter_675_A_4,4920,1900
trip_node_675_A_4,4950,1900
xfmr_meter_675_A_5,4920,1900
trip_node_675_A_5,4960,1900
xfmr_meter_675_B_1,4920,1900
trip_node_675_B_1,4970,1900
xfmr_meter_675_B_2,4920,1900
trip_node_675_B_2,4980,1900
xfmr_meter_675_B_3,4920,1900
trip_node_675_B_3,4990,1900
xfmr_meter_675_B_4,4920,1900
trip_node_675_B_4,5000,1900
xfmr_meter_675_B_5,4920,1900
trip_node_675_B_5,5010,1900
xfmr_meter_675_C_1,4920,1900
trip_node_675_C_1,5020,1900
xfmr_meter_675_C_2,4920,1900
trip_node_675_C_2,5030,1900
xfmr_meter_675_C_3,4920,1900
trip_node_675_C_3,5040,1900
xfmr_meter_675_C_4,4920,1900
trip_node_675_C_4,5050,1900
xfmr_meter_675_C_5,4920,1900
trip_node_675_C_5,5060,1900
meter_675_A,4920,1900
meter_675_B,5000,1900
meter_675_C,5080,1900
trip_load_675_A_h_1,4720,1900
trip_load_675_A_h_2,4722,1900
trip_load_675_A_h_3,4724,1900
trip_load_675_A_h_4,4726,1900
trip_load_675_A_h_5,4728,1900
trip_load_675_A_h_6,4730,1900
trip_load_675_A_h_7,4732,1900
trip_load_675_A_h_8,4734,1900
trip_load_675_A_h_9,4736,1900
trip_load_675_A_h_10,4738,1900
trip_load_675_A_h_11,4740,1900
trip_load_675_A_h_12,4742,1900
trip_load_675_A_h_13,4744,1900
trip_load_675_A_h_14,4746,1900
trip_load_675_A_h_15,4748,1900
trip_load_675_A_h_16,4750,1900
trip_load_675_A_h_17,4752,1900
trip_load_675_A_h_18,4754,1900
trip_load_675_A_h_19,4756,1900
trip_load_675_A_h_20,4758,1900
trip_load_675_A_h_21,4760,1900
trip_load_675_A_h_22,4762,1900
trip_load_675_A_h_23,4764,1900
trip_load_675_A_h_24,4766,1900
trip_load_675_A_h_25,4768,1900
trip_load_675_A_h_26,4770,1900
trip_load_675_A_h_27,4772,1900
trip_load_675_A_h_28,4774,1900
trip_load_675_A_h_29,4776,1900
trip_load_675_A_h_30,4778,1900
trip_load_675_A_h_31,4780,1900
trip_load_675_A_h_32,4782,1900
trip_load_675_A_h_33,4784,1900
trip_load_675_A_h_34,4786,1900
trip_load_675_A_h_35,4788,1900
trip_load_675_A_h_36,4790,1900
trip_load_675_A_h_37,4792,1900
trip_load_675_A_h_38,4794,1900
trip_load_675_A_h_39,4796,1900
trip_load_675_A_h_40,4798,1900
trip_load_675_B_h_1,4800,1900
trip_load_675_B_h_2,4802,1900
trip_load_675_B_h_3,4804,1900
trip_load_675_B_h_4,4806,1900
trip_load_675_B_h_5,4808,1900
trip_load_675_B_h_6,4810,1900
trip_load_675_B_h_7,4812,1900
trip_load_675_B_h_8,4814,1900
trip_load_675_B_h_9,4816,1900
trip_load_675_B_h_10,4818,1900
trip_load_675_B_h_11,4820,1900
trip_load_675_B_h_12,4822,1900
trip_load_675_B_h_13,4824,1900
trip_load_675_B_h_14,4826,1900
trip_load_675_B_h_15,4828,1900
trip_load_675_B_h_16,4830,1900
trip_load_675_B_h_17,4832,1900
trip_load_675_B_h_18,4834,1900
trip_load_675_B_h_19,4836,1900
trip_load_675_B_h_20,4838,1900
trip_load_675_B_h_21,4840,1900
trip_load_675_B_h_22,4842,1900
trip_load_675_B_h_23,4844,1900
trip_load_675_B_h_24,4846,1900
trip_load_675_B_h_25,4848,1900
trip_load_675_B_h_26,4850,1900
trip_load_675_B_h_27,4852,1900
trip_load_675_B_h_28,4854,1900
trip_load_675_B_h_29,4856,1900
trip_load_675_B_h_30,4858,1900
trip_load_675_B_h_31,4860,1900
trip_load_675_B_h_32,4862,1900
trip_load_675_B_h_33,4864,1900
trip_load_675_B_h_34,4866,1900
trip_load_675_B_h_35,4868,1900
trip_load_675_B_h_36,4870,1900
trip_load_675_B_h_37,4872,1900
trip_load_675_B_h_38,4874,1900
trip_load_675_B_h_39,4876,1900
trip_load_675_B_h_40,4878,1900
trip_load_675_C_h_1,4880,1900
trip_load_675_C_h_2,4882,1900
trip_load_675_C_h_3,4884,1900
trip_load_675_C_h_4,4886,1900
trip_load_675_C_h_5,4888,1900
trip_load_675_C_h_6,4890,1900
trip_load_675_C_h_7,4892,1900
trip_load_675_C_h_8,4894,1900
trip_load_675_C_h_9,4896,1900
trip_load_675_C_h_10,4898,1900
trip_load_675_C_h_11,4900,1900
trip_load_675_C_h_12,4902,1900
trip_load_675_C_h_13,4904,1900
trip_load_675_C_h_14,4906,1900
trip_load_675_C_h_15,4908,1900
trip_load_675_C_h_16,4910,1900
trip_load_675_C_h_17,4912,1900
trip_load_675_C_h_18,4914,1900
trip_load_675_C_h_19,4916,1900
trip_load_675_C_h_20,4918,1900
trip_load_675_C_h_21,4920,1900
trip_load_675_C_h_22,4922,1900
trip_load_675_C_h_23,4924,1900
trip_load_675_C_h_24,4926,1900
trip_load_675_C_h_25,4928,1900
trip_load_675_C_h_26,4930,1900
trip_load_675_C_h_27,4932,1900
trip_load_675_C_h_28,4934,1900
trip_load_675_C_h_29,4936,1900
trip_load_675_C_h_30,4938,1900
trip_load_675_C_h_31,4940,1900
trip_load_675_C_h_32,4942,1900
trip_load_675_C_h_33,4944,1900
trip_load_675_C_h_34,4946,1900
trip_load_675_C_h_35,4948,1900
trip_load_675_C_h_36,4950,1900
trip_load_675_C_h_37,4952,1900
trip_load_675_C_h_38,4954,1900
trip_load_675_C_h_39,4956,1900
trip_load_675_C_h_40,4958,1900
xfmr_meter_645_B_1,2100,3900
trip_node_645_B_1,2100,3900
xfmr_meter_645_B_2,2100,3900
trip_node_645_B_2,2090,3900
xfmr_meter_645_B_3,2100,3900
trip_node_645_B_3,2080,3900
xfmr_meter_645_B_4,2100,3900
trip_node_645_B_4,2070,3900
xfmr_meter_645_B_5,2100,3900
trip_node_645_B_5,2060,3900
xfmr_meter_645_C_1,2100,3900
trip_node_645_C_1,2050,3900
xfmr_meter_645_C_2,2100,3900
trip_node_645_C_2,2040,3900
xfmr_meter_645_C_3,2100,3900
trip_node_645_C_3,2030,3900
xfmr_meter_645_C_4,2100,3900
trip_node_645_C_4,2020,3900
xfmr_meter_645_C_5,2100,3900
trip_node_645_C_5,2010,3900
meter_645_B,2100,3900
meter_645_C,2020,3900
trip_load_645_B_h_1,1920,3900
trip_load_645_B_h_2,1918,3900
trip_load_645_B_h_3,1916,3900
trip_load_645_B_h_4,1914,3900
trip_load_645_B_h_5,1912,3900
trip_load_645_B_h_6,1910,3900
trip_load_645_B_h_7,1908,3900
trip_load_645_B_h_8,1906,3900
trip_load_645_B_h_9,1904,3900
trip_load_645_B_h_10,1902,3900
trip_load_645_B_h_11,1900,3900
trip_load_645_B_h_12,1898,3900
trip_load_645_B_h_13,1896,3900
trip_load_645_B_h_14,1894,3900
trip_load_645_B_h_15,1892,3900
trip_load_645_B_h_16,1890,3900
trip_load_645_B_h_17,1888,3900
trip_load_645_B_h_18,1886,3900
trip_load_645_B_h_19,1884,3900
trip_load_645_B_h_20,1882,3900
trip_load_645_B_h_21,1880,3900
trip_load_645_B_h_22,1878,3900
trip_load_645_B_h_23,1876,3900
trip_load_645_B_h_24,1874,3900
trip_load_645_B_h_25,1872,3900
trip_load_645_B_h_26,1870,3900
trip_load_645_B_h_27,1868,3900
trip_load_645_B_h_28,1866,3900
trip_load_645_B_h_29,1864,3900
trip_load_645_B_h_30,1862,3900
trip_load_645_B_h_31,1860,3900
trip_load_645_B_h_32,1858,3900
trip_load_645_B_h_33,1856,3900
trip_load_645_B_h_34,1854,3900
trip_load_645_B_h_35,1852,3900
trip_load_645_B_h_36,1850,3900
trip_load_645_B_h_37,1848,3900
trip_load_645_B_h_38,1846,3900
trip_load_645_B_h_39,1844,3900
trip_load_645_B_h_40,1842,3900
trip_load_645_C_h_1,1840,3900
trip_load_645_C_h_2,1838,3900
trip_load_645_C_h_3,1836,3900
trip_load_645_C_h_4,1834,3900
trip_load_645_C_h_5,1832,3900
trip_load_645_C_h_6,1830,3900
trip_load_645_C_h_7,1828,3900
trip_load_645_C_h_8,1826,3900
trip_load_645_C_h_9,1824,3900
trip_load_645_C_h_10,1822,3900
trip_load_645_C_h_11,1820,3900
trip_load_645_C_h_12,1818,3900
trip_load_645_C_h_13,1816,3900
trip_load_645_C_h_14,1814,3900
trip_load_645_C_h_15,1812,3900
trip_load_645_C_h_16,1810,3900
trip_load_645_C_h_17,1808,3900
trip_load_645_C_h_18,1806,3900
trip_load_645_C_h_19,1804,3900
trip_load_645_C_h_20,1802,3900
trip_load_645_C_h_21,1800,3900
trip_load_645_C_h_22,1798,3900
trip_load_645_C_h_23,1796,3900
trip_load_645_C_h_24,1794,3900
trip_load_645_C_h_25,1792,3900
trip_load_645_C_h_26,1790,3900
trip_load_645_C_h_27,1788,3900
trip_load_645_C_h_28,1786,3900
trip_load_645_C_h_29,1784,3900
trip_load_645_C_h_30,1782,3900
trip_load_645_C_h_31,1780,3900
trip_load_645_C_h_32,1778,3900
trip_load_645_C_h_33,1776,3900
trip_load_645_C_h_34,1774,3900
trip_load_645_C_h_35,1772,3900
trip_load_645_C_h_36,1770,3900
trip_load_645_C_h_37,1768,3900
trip_load_645_C_h_38,1766,3900
trip_load_645_C_h_39,1764,3900
trip_load_645_C_h_40,1762,3900
xfmr_meter_684_C_1,2100,1900
trip_node_684_C_1,2100,1900
xfmr_meter_684_C_2,2100,1900
trip_node_684_C_2,2090,1900
xfmr_meter_684_C_3,2100,1900
trip_node_684_C_3,2080,1900
xfmr_meter_684_C_4,2100,1900
trip_node_684_C_4,2070,1900
xfmr_meter_684_C_5,2100,1900
trip_node_684_C_5,2060,1900
xfmr_meter_684_A_1,2100,1900
trip_node_684_A_1,2050,1900
xfmr_meter_684_A_2,2100,1900
trip_node_684_A_2,2040,1900
xfmr_meter_684_A_3,2100,1900
trip_node_684_A_3,2030,1900
xfmr_meter_684_A_4,2100,1900
trip_node_684_A_4,2020,1900
xfmr_meter_684_A_5,2100,1900
trip_node_684_A_5,2010,1900
meter_684_A,2100,1900
meter_684_C,2020,1900
trip_load_684_C_h_1,1920,1900
trip_load_684_C_h_2,1918,1900
trip_load_684_C_h_3,1916,1900
trip_load_684_C_h_4,1914,1900
trip_load_684_C_h_5,1912,1900
trip_load_684_C_h_6,1910,1900
trip_load_684_C_h_7,1908,1900
trip_load_684_C_h_8,1906,1900
trip_load_684_C_h_9,1904,1900
trip_load_684_C_h_10,1902,1900
trip_load_684_C_h_11,1900,1900
trip_load_684_C_h_12,1898,1900
trip_load_684_C_h_13,1896,1900
trip_load_684_C_h_14,1894,1900
trip_load_684_C_h_15,1892,1900
trip_load_684_C_h_16,1890,1900
trip_load_684_C_h_17,1888,1900
trip_load_684_C_h_18,1886,1900
trip_load_684_C_h_19,1884,1900
trip_load_684_C_h_20,1882,1900
trip_load_684_C_h_21,1880,1900
trip_load_684_C_h_22,1878,1900
trip_load_684_C_h_23,1876,1900
trip_load_684_C_h_24,1874,1900
trip_load_684_C_h_25,1872,1900
trip_load_684_C_h_26,1870,1900
trip_load_684_C_h_27,1868,1900
trip_load_684_C_h_28,1866,1900
trip_load_684_C_h_29,1864,1900
trip_load_684_C_h_30,1862,1900
trip_load_684_C_h_31,1860,1900
trip_load_684_C_h_32,1858,1900
trip_load_684_C_h_33,1856,1900
trip_load_684_C_h_34,1854,1900
trip_load_684_C_h_35,1852,1900
trip_load_684_C_h_36,1850,1900
trip_load_684_C_h_37,1848,1900
trip_load_684_C_h_38,1846,1900
trip_load_684_C_h_39,1844,1900
trip_load_684_C_h_40,1842,1900
trip_load_684_A_h_1,1840,1900
trip_load_684_A_h_2,1838,1900
trip_load_684_A_h_3,1836,1900
trip_load_684_A_h_4,1834,1900
trip_load_684_A_h_5,1832,1900
trip_load_684_A_h_6,1830,1900
trip_load_684_A_h_7,1828,1900
trip_load_684_A_h_8,1826,1900
trip_load_684_A_h_9,1824,1900
trip_load_684_A_h_10,1822,1900
trip_load_684_A_h_11,1820,1900
trip_load_684_A_h_12,1818,1900
trip_load_684_A_h_13,1816,1900
trip_load_684_A_h_14,1814,1900
trip_load_684_A_h_15,1812,1900
trip_load_684_A_h_16,1810,1900
trip_load_684_A_h_17,1808,1900
trip_load_684_A_h_18,1806,1900
trip_load_684_A_h_19,1804,1900
trip_load_684_A_h_20,1802,1900
trip_load_684_A_h_21,1800,1900
trip_load_684_A_h_22,1798,1900
trip_load_684_A_h_23,1796,1900
trip_load_684_A_h_24,1794,1900
trip_load_684_A_h_25,1792,1900
trip_load_684_A_h_26,1790,1900
trip_load_684_A_h_27,1788,1900
trip_load_684_A_h_28,1786,1900
trip_load_684_A_h_29,1784,1900
trip_load_684_A_h_30,1782,1900
trip_load_684_A_h_31,1780,1900
trip_load_684_A_h_32,1778,1900
trip_load_684_A_h_33,1776,1900
trip_load_684_A_h_34,1774,1900
trip_load_684_A_h_35,1772,1900
trip_load_684_A_h_36,1770,1900
trip_load_684_A_h_37,1768,1900
trip_load_684_A_h_38,1766,1900
trip_load_684_A_h_39,1764,1900
trip_load_684_A_h_40,1762,1900
xfmr_meter_611_C_1,1100,1900
trip_node_611_C_1,1100,1900
xfmr_meter_611_C_2,1100,1900
trip_node_611_C_2,1090,1900
xfmr_meter_611_C_3,1100,1900
trip_node_611_C_3,1080,1900
xfmr_meter_611_C_4,1100,1900
trip_node_611_C_4,1070,1900
xfmr_meter_611_C_5,1100,1900
trip_node_611_C_5,1060,1900
meter_611_C,1100,1900
trip_load_611_C_h_1,1220,1900
trip_load_611_C_h_2,1218,1900
trip_load_611_C_h_3,1216,1900
trip_load_611_C_h_4,1214,1900
trip_load_611_C_h_5,1212,1900
trip_load_611_C_h_6,1210,1900
trip_load_611_C_h_7,1208,1900
trip_load_611_C_h_8,1206,1900
trip_load_611_C_h_9,1204,1900
trip_load_611_C_h_10,1202,1900
trip_load_611_C_h_11,1200,1900
trip_load_611_C_h_12,1198,1900
trip_load_611_C_h_13,1196,1900
trip_load_611_C_h_14,1194,1900
trip_load_611_C_h_15,1192,1900
trip_load_611_C_h_16,1190,1900
trip_load_611_C_h_17,1188,1900
trip_load_611_C_h_18,1186,1900
trip_load_611_C_h_19,1184,1900
trip_load_611_C_h_20,1182,1900
trip_load_611_C_h_21,1180,1900
trip_load_611_C_h_22,1178,1900
trip_load_611_C_h_23,1176,1900
trip_load_611_C_h_24,1174,1900
trip_load_611_C_h_25,1172,1900
trip_load_611_C_h_26,1170,1900
trip_load_611_C_h_27,1168,1900
trip_load_611_C_h_28,1166,1900
trip_load_611_C_h_29,1164,1900
trip_load_611_C_h_30,1162,1900
trip_load_611_C_h_31,1160,1900
trip_load_611_C_h_32,1158,1900
trip_load_611_C_h_33,1156,1900
trip_load_611_C_h_34,1154,1900
trip_load_611_C_h_35,1152,1900
trip_load_611_C_h_36,1150,1900
trip_load_611_C_h_37,1148,1900
trip_load_611_C_h_38,1146,1900
trip_load_611_C_h_39,1144,1900
trip_load_611_C_h_40,1142,1900
xfmr_meter_652_A_1,2000,900
trip_node_652_A_1,2000,900
xfmr_meter_652_A_2,2000,900
trip_node_652_A_2,1990,900
xfmr_meter_652_A_3,2000,900
trip_node_652_A_3,1980,900
xfmr_meter_652_A_4,2000,900
trip_node_652_A_4,1970,900
xfmr_meter_652_A_5,2000,900
trip_node_652_A_5,1960,900
meter_652_A,2000,900
trip_load_652_A_h_1,1920,900
trip_load_652_A_h_2,1918,900
trip_load_652_A_h_3,1916,900
trip_load_652_A_h_4,1914,900
trip_load_652_A_h_5,1912,900
trip_load_652_A_h_6,1910,900
trip_load_652_A_h_7,1908,900
trip_load_652_A_h_8,1906,900
trip_load_652_A_h_9,1904,900
trip_load_652_A_h_10,1902,900
trip_load_652_A_h_11,1900,900
trip_load_652_A_h_12,1898,900
trip_load_652_A_h_13,1896,900
trip_load_652_A_h_14,1894,900
trip_load_652_A_h_15,1892,900
trip_load_652_A_h_16,1890,900
trip_load_652_A_h_17,1888,900
trip_load_652_A_h_18,1886,900
trip_load_652_A_h_19,1884,900
trip_load_652_A_h_20,1882,900
trip_load_652_A_h_21,1880,900
trip_load_652_A_h_22,1878,900
trip_load_652_A_h_23,1876,900
trip_load_652_A_h_24,1874,900
trip_load_652_A_h_25,1872,900
trip_load_652_A_h_26,1870,900
trip_load_652_A_h_27,1868,900
trip_load_652_A_h_28,1866,900
trip_load_652_A_h_29,1864,900
trip_load_652_A_h_30,1862,900
trip_load_652_A_h_31,1860,900
trip_load_652_A_h_32,1858,900
trip_load_652_A_h_33,1856,900
trip_load_652_A_h_34,1854,900
trip_load_652_A_h_35,1852,900
trip_load_652_A_h_36,1850,900
trip_load_652_A_h_37,1848,900
trip_load_652_A_h_38,1846,900
trip_load_652_A_h_39,1844,900
trip_load_652_A_h_40,1842,900
