Element, Nterminals, Nconductors, Node-1, Node-2, Node-3, ...
"Vsource.source", 2, 3, 1, 2, 3, 0, 0, 0
"Line.ol_632_b_xfmr_632_b_2", 2, 1, 2, 2
"Line.ol_632_b_xfmr_632_b_3", 2, 1, 2, 2
"Line.ol_632_b_xfmr_632_b_4", 2, 1, 2, 2
"Line.ol_632_b_xfmr_632_b_5", 2, 1, 2, 2
"Line.ol_632_b_xfmr_632_b_1", 2, 1, 2, 2
"Line.trip_line_645_b_h_5", 2, 2, 1, 2, 1, 2
"Line.trip_line_645_b_h_6", 2, 2, 1, 2, 1, 2
"Line.trip_line_645_b_h_7", 2, 2, 1, 2, 1, 2
"Line.trip_line_645_b_h_8", 2, 2, 1, 2, 1, 2
"Line.trip_line_645_b_h_9", 2, 2, 1, 2, 1, 2
"Line.trip_line_645_b_h_1", 2, 2, 1, 2, 1, 2
"Line.trip_line_645_b_h_2", 2, 2, 1, 2, 1, 2
"Line.trip_line_645_b_h_3", 2, 2, 1, 2, 1, 2
"Line.trip_line_645_b_h_4", 2, 2, 1, 2, 1, 2
"Line.ol_684_c_xfmr_684_c_5", 2, 1, 3, 3
"Line.ol_684_c_xfmr_684_c_4", 2, 1, 3, 3
"Line.ol_684_c_xfmr_684_c_3", 2, 1, 3, 3
"Line.ol_684_c_xfmr_684_c_2", 2, 1, 3, 3
"Line.ol_684_c_xfmr_684_c_1", 2, 1, 3, 3
"Line.ol_675_c_xfmr_675_c_1", 2, 1, 3, 3
"Line.trip_line_692_c_h_40", 2, 2, 1, 2, 1, 2
"Line.ol_675_c_xfmr_675_c_2", 2, 1, 3, 3
"Line.ol_675_c_xfmr_675_c_3", 2, 1, 3, 3
"Line.ol_675_c_xfmr_675_c_4", 2, 1, 3, 3
"Line.ol_675_c_xfmr_675_c_5", 2, 1, 3, 3
"Line.ol_671_c", 2, 1, 3, 3
"Line.ol_671_a", 2, 1, 1, 1
"Line.ol_671_b", 2, 1, 2, 2
"Line.trip_line_632_a_h_6", 2, 2, 1, 2, 1, 2
"Line.trip_line_632_a_h_7", 2, 2, 1, 2, 1, 2
"Line.trip_line_632_a_h_4", 2, 2, 1, 2, 1, 2
"Line.trip_line_632_a_h_5", 2, 2, 1, 2, 1, 2
"Line.trip_line_632_a_h_2", 2, 2, 1, 2, 1, 2
"Line.trip_line_632_a_h_3", 2, 2, 1, 2, 1, 2
"Line.trip_line_632_a_h_1", 2, 2, 1, 2, 1, 2
"Line.trip_line_632_a_h_8", 2, 2, 1, 2, 1, 2
"Line.trip_line_632_a_h_9", 2, 2, 1, 2, 1, 2
"Line.trip_line_671_a_h_40", 2, 2, 1, 2, 1, 2
"Line.trip_line_692_b_h_12", 2, 2, 1, 2, 1, 2
"Line.trip_line_692_b_h_13", 2, 2, 1, 2, 1, 2
"Line.trip_line_692_b_h_10", 2, 2, 1, 2, 1, 2
"Line.trip_line_692_b_h_11", 2, 2, 1, 2, 1, 2
"Line.trip_line_692_b_h_16", 2, 2, 1, 2, 1, 2
"Line.trip_line_692_b_h_17", 2, 2, 1, 2, 1, 2
"Line.trip_line_692_b_h_14", 2, 2, 1, 2, 1, 2
"Line.trip_line_692_b_h_15", 2, 2, 1, 2, 1, 2
"Line.trip_line_692_b_h_18", 2, 2, 1, 2, 1, 2
"Line.trip_line_692_b_h_19", 2, 2, 1, 2, 1, 2
"Line.trip_line_692_c_h_25", 2, 2, 1, 2, 1, 2
"Line.trip_line_692_c_h_24", 2, 2, 1, 2, 1, 2
"Line.trip_line_692_c_h_23", 2, 2, 1, 2, 1, 2
"Line.trip_line_692_c_h_22", 2, 2, 1, 2, 1, 2
"Line.trip_line_692_c_h_21", 2, 2, 1, 2, 1, 2
"Line.trip_line_692_c_h_20", 2, 2, 1, 2, 1, 2
"Line.trip_line_632_b_h_40", 2, 2, 1, 2, 1, 2
"Line.trip_line_692_c_h_29", 2, 2, 1, 2, 1, 2
"Line.trip_line_692_c_h_28", 2, 2, 1, 2, 1, 2
"Line.trip_line_692_c_h_27", 2, 2, 1, 2, 1, 2
"Line.trip_line_692_c_h_26", 2, 2, 1, 2, 1, 2
"Line.trip_line_671_a_h_31", 2, 2, 1, 2, 1, 2
"Line.trip_line_671_a_h_30", 2, 2, 1, 2, 1, 2
"Line.trip_line_692_b_h_20", 2, 2, 1, 2, 1, 2
"Line.trip_line_632_b_h_39", 2, 2, 1, 2, 1, 2
"Line.trip_line_632_b_h_38", 2, 2, 1, 2, 1, 2
"Line.trip_line_632_b_h_37", 2, 2, 1, 2, 1, 2
"Line.trip_line_671_a_h_35", 2, 2, 1, 2, 1, 2
"Line.trip_line_692_b_h_23", 2, 2, 1, 2, 1, 2
"Line.trip_line_632_b_h_36", 2, 2, 1, 2, 1, 2
"Line.trip_line_671_a_h_34", 2, 2, 1, 2, 1, 2
"Line.trip_line_692_b_h_24", 2, 2, 1, 2, 1, 2
"Line.trip_line_632_b_h_35", 2, 2, 1, 2, 1, 2
"Line.trip_line_671_a_h_33", 2, 2, 1, 2, 1, 2
"Line.trip_line_692_b_h_21", 2, 2, 1, 2, 1, 2
"Line.trip_line_632_b_h_34", 2, 2, 1, 2, 1, 2
"Line.trip_line_671_a_h_32", 2, 2, 1, 2, 1, 2
"Line.trip_line_692_b_h_22", 2, 2, 1, 2, 1, 2
"Line.trip_line_671_a_h_39", 2, 2, 1, 2, 1, 2
"Line.trip_line_692_b_h_27", 2, 2, 1, 2, 1, 2
"Line.trip_line_671_a_h_38", 2, 2, 1, 2, 1, 2
"Line.trip_line_692_b_h_28", 2, 2, 1, 2, 1, 2
"Line.trip_line_671_a_h_37", 2, 2, 1, 2, 1, 2
"Line.trip_line_692_b_h_25", 2, 2, 1, 2, 1, 2
"Line.trip_line_671_a_h_36", 2, 2, 1, 2, 1, 2
"Line.trip_line_692_b_h_26", 2, 2, 1, 2, 1, 2
"Line.trip_line_692_b_h_29", 2, 2, 1, 2, 1, 2
"Line.trip_line_692_c_h_36", 2, 2, 1, 2, 1, 2
"Line.trip_line_692_c_h_35", 2, 2, 1, 2, 1, 2
"Line.trip_line_692_c_h_34", 2, 2, 1, 2, 1, 2
"Line.trip_line_692_c_h_33", 2, 2, 1, 2, 1, 2
"Line.trip_line_692_c_h_32", 2, 2, 1, 2, 1, 2
"Line.trip_line_692_c_h_31", 2, 2, 1, 2, 1, 2
"Line.trip_line_692_c_h_30", 2, 2, 1, 2, 1, 2
"Line.trip_line_632_b_h_33", 2, 2, 1, 2, 1, 2
"Line.trip_line_632_b_h_32", 2, 2, 1, 2, 1, 2
"Line.trip_line_632_b_h_31", 2, 2, 1, 2, 1, 2
"Line.trip_line_632_b_h_30", 2, 2, 1, 2, 1, 2
"Line.trip_line_692_c_h_39", 2, 2, 1, 2, 1, 2
"Line.trip_line_692_c_h_38", 2, 2, 1, 2, 1, 2
"Line.trip_line_692_c_h_37", 2, 2, 1, 2, 1, 2
"Line.trip_line_645_c_h_19", 2, 2, 1, 2, 1, 2
"Line.trip_line_645_c_h_2", 2, 2, 1, 2, 1, 2
"Line.trip_line_671_a_h_20", 2, 2, 1, 2, 1, 2
"Line.trip_line_692_b_h_30", 2, 2, 1, 2, 1, 2
"Line.ol_684_a", 2, 1, 1, 1
"Line.trip_line_632_b_h_29", 2, 2, 1, 2, 1, 2
"Line.trip_line_645_c_h_3", 2, 2, 1, 2, 1, 2
"Line.trip_line_692_b_h_31", 2, 2, 1, 2, 1, 2
"Line.trip_line_632_b_h_28", 2, 2, 1, 2, 1, 2
"Line.trip_line_632_b_h_27", 2, 2, 1, 2, 1, 2
"Line.trip_line_645_c_h_1", 2, 2, 1, 2, 1, 2
"Line.trip_line_632_b_h_26", 2, 2, 1, 2, 1, 2
"Line.trip_line_645_c_h_15", 2, 2, 1, 2, 1, 2
"Line.trip_line_671_a_h_24", 2, 2, 1, 2, 1, 2
"Line.trip_line_692_b_h_34", 2, 2, 1, 2, 1, 2
"Line.trip_line_632_b_h_25", 2, 2, 1, 2, 1, 2
"Line.trip_line_645_c_h_16", 2, 2, 1, 2, 1, 2
"Line.trip_line_671_a_h_23", 2, 2, 1, 2, 1, 2
"Line.trip_line_692_b_h_35", 2, 2, 1, 2, 1, 2
"Line.trip_line_632_b_h_24", 2, 2, 1, 2, 1, 2
"Line.trip_line_645_c_h_17", 2, 2, 1, 2, 1, 2
"Line.trip_line_671_a_h_22", 2, 2, 1, 2, 1, 2
"Line.trip_line_692_b_h_32", 2, 2, 1, 2, 1, 2
"Line.ol_684_c", 2, 1, 3, 3
"Line.trip_line_632_b_h_23", 2, 2, 1, 2, 1, 2
"Line.trip_line_645_c_h_18", 2, 2, 1, 2, 1, 2
"Line.trip_line_671_a_h_21", 2, 2, 1, 2, 1, 2
"Line.trip_line_692_b_h_33", 2, 2, 1, 2, 1, 2
"Line.trip_line_671_a_h_28", 2, 2, 1, 2, 1, 2
"Line.trip_line_692_b_h_38", 2, 2, 1, 2, 1, 2
"Line.trip_line_671_a_h_27", 2, 2, 1, 2, 1, 2
"Line.trip_line_692_b_h_39", 2, 2, 1, 2, 1, 2
"Line.trip_line_645_c_h_8", 2, 2, 1, 2, 1, 2
"Line.trip_line_671_a_h_26", 2, 2, 1, 2, 1, 2
"Line.trip_line_692_b_h_36", 2, 2, 1, 2, 1, 2
"Line.trip_line_645_c_h_9", 2, 2, 1, 2, 1, 2
"Line.trip_line_671_a_h_25", 2, 2, 1, 2, 1, 2
"Line.trip_line_692_b_h_37", 2, 2, 1, 2, 1, 2
"Line.trip_line_645_c_h_6", 2, 2, 1, 2, 1, 2
"Line.trip_line_645_c_h_7", 2, 2, 1, 2, 1, 2
"Line.trip_line_645_c_h_4", 2, 2, 1, 2, 1, 2
"Line.trip_line_645_c_h_5", 2, 2, 1, 2, 1, 2
"Line.trip_line_671_a_h_29", 2, 2, 1, 2, 1, 2
"Line.trip_line_632_b_h_22", 2, 2, 1, 2, 1, 2
"Line.trip_line_645_c_h_11", 2, 2, 1, 2, 1, 2
"Line.trip_line_632_b_h_21", 2, 2, 1, 2, 1, 2
"Line.trip_line_645_c_h_12", 2, 2, 1, 2, 1, 2
"Line.trip_line_632_b_h_20", 2, 2, 1, 2, 1, 2
"Line.trip_line_645_c_h_13", 2, 2, 1, 2, 1, 2
"Line.trip_line_645_c_h_14", 2, 2, 1, 2, 1, 2
"Line.trip_line_645_c_h_10", 2, 2, 1, 2, 1, 2
"Line.trip_line_632_b_h_19", 2, 2, 1, 2, 1, 2
"Line.trip_line_632_b_h_18", 2, 2, 1, 2, 1, 2
"Line.trip_line_632_b_h_17", 2, 2, 1, 2, 1, 2
"Line.trip_line_632_b_h_16", 2, 2, 1, 2, 1, 2
"Line.trip_line_692_b_h_40", 2, 2, 1, 2, 1, 2
"Line.trip_line_632_b_h_15", 2, 2, 1, 2, 1, 2
"Line.trip_line_645_c_h_26", 2, 2, 1, 2, 1, 2
"Line.trip_line_671_a_h_13", 2, 2, 1, 2, 1, 2
"Line.trip_line_632_b_h_14", 2, 2, 1, 2, 1, 2
"Line.trip_line_645_c_h_27", 2, 2, 1, 2, 1, 2
"Line.trip_line_671_a_h_12", 2, 2, 1, 2, 1, 2
"Line.trip_line_632_b_h_13", 2, 2, 1, 2, 1, 2
"Line.trip_line_645_c_h_28", 2, 2, 1, 2, 1, 2
"Line.trip_line_671_a_h_11", 2, 2, 1, 2, 1, 2
"Line.trip_line_632_b_h_12", 2, 2, 1, 2, 1, 2
"Line.trip_line_645_c_h_29", 2, 2, 1, 2, 1, 2
"Line.trip_line_671_a_h_10", 2, 2, 1, 2, 1, 2
"Line.trip_line_671_a_h_17", 2, 2, 1, 2, 1, 2
"Line.trip_line_671_a_h_16", 2, 2, 1, 2, 1, 2
"Line.trip_line_671_a_h_15", 2, 2, 1, 2, 1, 2
"Line.trip_line_671_a_h_14", 2, 2, 1, 2, 1, 2
"Line.trip_line_671_a_h_19", 2, 2, 1, 2, 1, 2
"Line.trip_line_671_a_h_18", 2, 2, 1, 2, 1, 2
"Line.ul692-675", 2, 3, 1, 2, 3, 1, 2, 3
"Line.trip_line_692_c_h_14", 2, 2, 1, 2, 1, 2
"Line.trip_line_692_c_h_13", 2, 2, 1, 2, 1, 2
"Line.trip_line_692_c_h_12", 2, 2, 1, 2, 1, 2
"Line.trip_line_692_c_h_11", 2, 2, 1, 2, 1, 2
"Line.trip_line_692_c_h_10", 2, 2, 1, 2, 1, 2
"Line.trip_line_632_b_h_11", 2, 2, 1, 2, 1, 2
"Line.trip_line_645_c_h_22", 2, 2, 1, 2, 1, 2
"Line.trip_line_632_b_h_10", 2, 2, 1, 2, 1, 2
"Line.trip_line_645_c_h_23", 2, 2, 1, 2, 1, 2
"Line.trip_line_645_c_h_24", 2, 2, 1, 2, 1, 2
"Line.trip_line_645_c_h_25", 2, 2, 1, 2, 1, 2
"Line.trip_line_692_c_h_19", 2, 2, 1, 2, 1, 2
"Line.trip_line_692_c_h_18", 2, 2, 1, 2, 1, 2
"Line.trip_line_692_c_h_17", 2, 2, 1, 2, 1, 2
"Line.trip_line_645_c_h_20", 2, 2, 1, 2, 1, 2
"Line.trip_line_692_c_h_16", 2, 2, 1, 2, 1, 2
"Line.trip_line_645_c_h_21", 2, 2, 1, 2, 1, 2
"Line.trip_line_692_c_h_15", 2, 2, 1, 2, 1, 2
"Line.trip_line_645_c_h_37", 2, 2, 1, 2, 1, 2
"Line.trip_line_645_c_h_38", 2, 2, 1, 2, 1, 2
"Line.trip_line_652_a_h_40", 2, 2, 1, 2, 1, 2
"Line.trip_line_645_c_h_39", 2, 2, 1, 2, 1, 2
"Line.trip_line_684_c_h_40", 2, 2, 1, 2, 1, 2
"Line.trip_line_675_c_h_20", 2, 2, 1, 2, 1, 2
"Line.trip_line_675_c_h_22", 2, 2, 1, 2, 1, 2
"Line.trip_line_675_c_h_21", 2, 2, 1, 2, 1, 2
"Line.trip_line_675_c_h_24", 2, 2, 1, 2, 1, 2
"Line.trip_line_675_c_h_23", 2, 2, 1, 2, 1, 2
"Line.trip_line_675_c_h_26", 2, 2, 1, 2, 1, 2
"Line.trip_line_675_c_h_25", 2, 2, 1, 2, 1, 2
"Line.trip_line_675_c_h_28", 2, 2, 1, 2, 1, 2
"Line.trip_line_675_c_h_27", 2, 2, 1, 2, 1, 2
"Line.ul684-652", 2, 1, 1, 1
"Line.trip_line_675_c_h_29", 2, 2, 1, 2, 1, 2
"Line.trip_line_645_c_h_33", 2, 2, 1, 2, 1, 2
"Line.trip_line_645_c_h_34", 2, 2, 1, 2, 1, 2
"Line.trip_line_645_c_h_35", 2, 2, 1, 2, 1, 2
"Line.trip_line_645_c_h_36", 2, 2, 1, 2, 1, 2
"Line.trip_line_645_c_h_30", 2, 2, 1, 2, 1, 2
"Line.trip_line_645_c_h_31", 2, 2, 1, 2, 1, 2
"Line.trip_line_645_c_h_32", 2, 2, 1, 2, 1, 2
"Line.trip_line_632_a_h_10", 2, 2, 1, 2, 1, 2
"Line.trip_line_675_c_h_11", 2, 2, 1, 2, 1, 2
"Line.trip_line_675_c_h_10", 2, 2, 1, 2, 1, 2
"Line.trip_line_632_a_h_13", 2, 2, 1, 2, 1, 2
"Line.trip_line_675_c_h_13", 2, 2, 1, 2, 1, 2
"Line.trip_line_632_a_h_14", 2, 2, 1, 2, 1, 2
"Line.trip_line_675_c_h_12", 2, 2, 1, 2, 1, 2
"Line.trip_line_632_a_h_11", 2, 2, 1, 2, 1, 2
"Line.trip_line_675_c_h_15", 2, 2, 1, 2, 1, 2
"Line.trip_line_632_a_h_12", 2, 2, 1, 2, 1, 2
"Line.trip_line_675_c_h_14", 2, 2, 1, 2, 1, 2
"Line.trip_line_632_a_h_17", 2, 2, 1, 2, 1, 2
"Line.trip_line_675_c_h_17", 2, 2, 1, 2, 1, 2
"Line.trip_line_632_a_h_18", 2, 2, 1, 2, 1, 2
"Line.trip_line_675_c_h_16", 2, 2, 1, 2, 1, 2
"Line.trip_line_632_a_h_15", 2, 2, 1, 2, 1, 2
"Line.trip_line_675_c_h_19", 2, 2, 1, 2, 1, 2
"Line.trip_line_632_a_h_16", 2, 2, 1, 2, 1, 2
"Line.trip_line_675_c_h_18", 2, 2, 1, 2, 1, 2
"Line.trip_line_632_a_h_19", 2, 2, 1, 2, 1, 2
"Line.trip_line_645_c_h_40", 2, 2, 1, 2, 1, 2
"Line.trip_line_684_c_h_20", 2, 2, 1, 2, 1, 2
"Line.trip_line_684_c_h_26", 2, 2, 1, 2, 1, 2
"Line.trip_line_684_c_h_25", 2, 2, 1, 2, 1, 2
"Line.trip_line_652_a_h_29", 2, 2, 1, 2, 1, 2
"Line.trip_line_684_c_h_28", 2, 2, 1, 2, 1, 2
"Line.trip_line_652_a_h_28", 2, 2, 1, 2, 1, 2
"Line.trip_line_684_c_h_27", 2, 2, 1, 2, 1, 2
"Line.trip_line_684_c_h_22", 2, 2, 1, 2, 1, 2
"Line.trip_line_684_c_h_21", 2, 2, 1, 2, 1, 2
"Line.ol_671_c_xfmr_671_c_1", 2, 1, 3, 3
"Line.trip_line_684_c_h_24", 2, 2, 1, 2, 1, 2
"Line.trip_line_684_c_h_23", 2, 2, 1, 2, 1, 2
"Line.ol_671_c_xfmr_671_c_3", 2, 1, 3, 3
"Line.trip_line_652_a_h_23", 2, 2, 1, 2, 1, 2
"Line.ol_671_c_xfmr_671_c_2", 2, 1, 3, 3
"Line.trip_line_652_a_h_22", 2, 2, 1, 2, 1, 2
"Line.ol_671_c_xfmr_671_c_5", 2, 1, 3, 3
"Line.trip_line_652_a_h_21", 2, 2, 1, 2, 1, 2
"Line.ol_671_c_xfmr_671_c_4", 2, 1, 3, 3
"Line.trip_line_652_a_h_20", 2, 2, 1, 2, 1, 2
"Line.trip_line_652_a_h_27", 2, 2, 1, 2, 1, 2
"Line.trip_line_652_a_h_26", 2, 2, 1, 2, 1, 2
"Line.trip_line_684_c_h_29", 2, 2, 1, 2, 1, 2
"Line.trip_line_652_a_h_25", 2, 2, 1, 2, 1, 2
"Line.trip_line_652_a_h_24", 2, 2, 1, 2, 1, 2
"Line.trip_line_652_a_h_30", 2, 2, 1, 2, 1, 2
"Line.trip_line_684_c_h_31", 2, 2, 1, 2, 1, 2
"Line.trip_line_684_c_h_30", 2, 2, 1, 2, 1, 2
"Line.trip_line_684_c_h_37", 2, 2, 1, 2, 1, 2
"Line.trip_line_684_c_h_36", 2, 2, 1, 2, 1, 2
"Line.trip_line_684_c_h_39", 2, 2, 1, 2, 1, 2
"Line.trip_line_652_a_h_39", 2, 2, 1, 2, 1, 2
"Line.trip_line_684_c_h_38", 2, 2, 1, 2, 1, 2
"Line.trip_line_684_c_h_33", 2, 2, 1, 2, 1, 2
"Line.trip_line_684_c_h_32", 2, 2, 1, 2, 1, 2
"Line.trip_line_684_c_h_35", 2, 2, 1, 2, 1, 2
"Line.trip_line_684_c_h_34", 2, 2, 1, 2, 1, 2
"Line.trip_line_652_a_h_34", 2, 2, 1, 2, 1, 2
"Line.trip_line_652_a_h_33", 2, 2, 1, 2, 1, 2
"Line.trip_line_652_a_h_32", 2, 2, 1, 2, 1, 2
"Line.trip_line_652_a_h_31", 2, 2, 1, 2, 1, 2
"Line.trip_line_652_a_h_38", 2, 2, 1, 2, 1, 2
"Line.trip_line_652_a_h_37", 2, 2, 1, 2, 1, 2
"Line.trip_line_652_a_h_36", 2, 2, 1, 2, 1, 2
"Line.trip_line_652_a_h_35", 2, 2, 1, 2, 1, 2
"Line.trip_line_692_a_h_18", 2, 2, 1, 2, 1, 2
"Line.trip_line_692_a_h_17", 2, 2, 1, 2, 1, 2
"Line.trip_line_692_a_h_19", 2, 2, 1, 2, 1, 2
"Line.trip_line_692_a_h_14", 2, 2, 1, 2, 1, 2
"Line.trip_line_692_a_h_13", 2, 2, 1, 2, 1, 2
"Line.trip_line_692_a_h_16", 2, 2, 1, 2, 1, 2
"Line.trip_line_692_a_h_15", 2, 2, 1, 2, 1, 2
"Line.trip_line_692_a_h_10", 2, 2, 1, 2, 1, 2
"Line.trip_line_692_a_h_12", 2, 2, 1, 2, 1, 2
"Line.trip_line_692_a_h_11", 2, 2, 1, 2, 1, 2
"Line.trip_line_671_b_h_40", 2, 2, 1, 2, 1, 2
"Line.ol_680_c", 2, 1, 3, 3
"Line.ol_633_a_xfmr_633_a_4", 2, 1, 1, 1
"Line.ol_633_a_xfmr_633_a_5", 2, 1, 1, 1
"Line.ol_633_a_xfmr_633_a_2", 2, 1, 1, 1
"Line.ol_633_a_xfmr_633_a_3", 2, 1, 1, 1
"Line.ol_684_a_xfmr_684_a_1", 2, 1, 1, 1
"Line.ol_680_b", 2, 1, 2, 2
"Line.ol_684_a_xfmr_684_a_2", 2, 1, 1, 1
"Line.ol_633_a_xfmr_633_a_1", 2, 1, 1, 1
"Line.ol_680_a", 2, 1, 1, 1
"Line.ol_684_a_xfmr_684_a_3", 2, 1, 1, 1
"Line.ol_684_a_xfmr_684_a_4", 2, 1, 1, 1
"Line.ol_684_a_xfmr_684_a_5", 2, 1, 1, 1
"Line.trip_line_611_c_h_7", 2, 2, 1, 2, 1, 2
"Line.trip_line_611_c_h_8", 2, 2, 1, 2, 1, 2
"Line.trip_line_611_c_h_5", 2, 2, 1, 2, 1, 2
"Line.trip_line_611_c_h_6", 2, 2, 1, 2, 1, 2
"Line.trip_line_611_c_h_9", 2, 2, 1, 2, 1, 2
"Line.trip_line_611_c_h_3", 2, 2, 1, 2, 1, 2
"Line.trip_line_611_c_h_4", 2, 2, 1, 2, 1, 2
"Line.trip_line_611_c_h_1", 2, 2, 1, 2, 1, 2
"Line.trip_line_611_c_h_2", 2, 2, 1, 2, 1, 2
"Line.ol684-611", 2, 1, 3, 3
"Line.trip_line_684_a_h_4", 2, 2, 1, 2, 1, 2
"Line.trip_line_684_a_h_3", 2, 2, 1, 2, 1, 2
"Line.trip_line_684_a_h_6", 2, 2, 1, 2, 1, 2
"Line.trip_line_684_a_h_5", 2, 2, 1, 2, 1, 2
"Line.trip_line_684_a_h_8", 2, 2, 1, 2, 1, 2
"Line.trip_line_684_a_h_7", 2, 2, 1, 2, 1, 2
"Line.trip_line_684_a_h_9", 2, 2, 1, 2, 1, 2
"Line.trip_line_671_b_h_15", 2, 2, 1, 2, 1, 2
"Line.trip_line_671_b_h_16", 2, 2, 1, 2, 1, 2
"Line.trip_line_671_b_h_17", 2, 2, 1, 2, 1, 2
"Line.trip_line_671_b_h_18", 2, 2, 1, 2, 1, 2
"Line.trip_line_671_b_h_19", 2, 2, 1, 2, 1, 2
"Line.trip_line_671_b_h_10", 2, 2, 1, 2, 1, 2
"Line.trip_line_671_b_h_11", 2, 2, 1, 2, 1, 2
"Line.trip_line_671_b_h_12", 2, 2, 1, 2, 1, 2
"Line.trip_line_671_b_h_13", 2, 2, 1, 2, 1, 2
"Line.trip_line_671_b_h_14", 2, 2, 1, 2, 1, 2
"Line.trip_line_633_b_h_9", 2, 2, 1, 2, 1, 2
"Line.trip_line_633_b_h_8", 2, 2, 1, 2, 1, 2
"Line.ol630-632", 2, 3, 1, 2, 3, 1, 2, 3
"Line.trip_line_633_b_h_7", 2, 2, 1, 2, 1, 2
"Line.trip_line_633_b_h_6", 2, 2, 1, 2, 1, 2
"Line.ol_632_a", 2, 1, 1, 1
"Line.ol_632_b", 2, 1, 2, 2
"Line.ol_632_c", 2, 1, 3, 3
"Line.trip_line_633_b_h_1", 2, 2, 1, 2, 1, 2
"Line.trip_line_633_b_h_5", 2, 2, 1, 2, 1, 2
"Line.trip_line_633_b_h_4", 2, 2, 1, 2, 1, 2
"Line.trip_line_633_b_h_3", 2, 2, 1, 2, 1, 2
"Line.trip_line_633_b_h_2", 2, 2, 1, 2, 1, 2
"Line.trip_line_671_b_h_37", 2, 2, 1, 2, 1, 2
"Line.trip_line_671_b_h_38", 2, 2, 1, 2, 1, 2
"Line.trip_line_671_b_h_39", 2, 2, 1, 2, 1, 2
"Line.trip_line_671_b_h_30", 2, 2, 1, 2, 1, 2
"Line.trip_line_671_b_h_31", 2, 2, 1, 2, 1, 2
"Line.trip_line_671_b_h_32", 2, 2, 1, 2, 1, 2
"Line.trip_line_671_b_h_33", 2, 2, 1, 2, 1, 2
"Line.trip_line_671_b_h_34", 2, 2, 1, 2, 1, 2
"Line.trip_line_671_b_h_35", 2, 2, 1, 2, 1, 2
"Line.trip_line_671_b_h_36", 2, 2, 1, 2, 1, 2
"Line.trip_line_671_b_h_26", 2, 2, 1, 2, 1, 2
"Line.trip_line_671_b_h_27", 2, 2, 1, 2, 1, 2
"Line.trip_line_671_b_h_28", 2, 2, 1, 2, 1, 2
"Line.trip_line_671_b_h_29", 2, 2, 1, 2, 1, 2
"Line.trip_line_684_a_h_2", 2, 2, 1, 2, 1, 2
"Line.trip_line_684_a_h_1", 2, 2, 1, 2, 1, 2
"Line.trip_line_671_b_h_20", 2, 2, 1, 2, 1, 2
"Line.trip_line_671_b_h_21", 2, 2, 1, 2, 1, 2
"Line.trip_line_671_b_h_22", 2, 2, 1, 2, 1, 2
"Line.trip_line_671_b_h_23", 2, 2, 1, 2, 1, 2
"Line.trip_line_671_b_h_24", 2, 2, 1, 2, 1, 2
"Line.trip_line_671_b_h_25", 2, 2, 1, 2, 1, 2
"Line.ol_645_c", 2, 1, 3, 3
"Line.ol_645_b", 2, 1, 2, 2
"Line.trip_line_632_a_h_40", 2, 2, 1, 2, 1, 2
"Line.ol671-684", 2, 2, 1, 3, 1, 3
"Line.ol671-680", 2, 3, 1, 2, 3, 1, 2, 3
"Line.trip_line_675_c_h_40", 2, 2, 1, 2, 1, 2
"Line.trip_line_632_a_h_20", 2, 2, 1, 2, 1, 2
"Line.trip_line_632_a_h_21", 2, 2, 1, 2, 1, 2
"Line.trip_line_632_a_h_24", 2, 2, 1, 2, 1, 2
"Line.trip_line_632_a_h_25", 2, 2, 1, 2, 1, 2
"Line.trip_line_632_a_h_22", 2, 2, 1, 2, 1, 2
"Line.trip_line_632_a_h_23", 2, 2, 1, 2, 1, 2
"Line.trip_line_632_a_h_28", 2, 2, 1, 2, 1, 2
"Line.trip_line_684_a_h_40", 2, 2, 1, 2, 1, 2
"Line.trip_line_632_a_h_29", 2, 2, 1, 2, 1, 2
"Line.trip_line_632_a_h_26", 2, 2, 1, 2, 1, 2
"Line.trip_line_632_a_h_27", 2, 2, 1, 2, 1, 2
"Line.trip_line_632_a_h_31", 2, 2, 1, 2, 1, 2
"Line.trip_line_675_c_h_31", 2, 2, 1, 2, 1, 2
"Line.trip_line_632_a_h_32", 2, 2, 1, 2, 1, 2
"Line.trip_line_675_c_h_30", 2, 2, 1, 2, 1, 2
"Line.trip_line_675_c_h_33", 2, 2, 1, 2, 1, 2
"Line.trip_line_632_a_h_30", 2, 2, 1, 2, 1, 2
"Line.trip_line_675_c_h_32", 2, 2, 1, 2, 1, 2
"Line.trip_line_632_a_h_35", 2, 2, 1, 2, 1, 2
"Line.trip_line_675_c_h_35", 2, 2, 1, 2, 1, 2
"Line.trip_line_632_a_h_36", 2, 2, 1, 2, 1, 2
"Line.trip_line_675_c_h_34", 2, 2, 1, 2, 1, 2
"Line.trip_line_632_a_h_33", 2, 2, 1, 2, 1, 2
"Line.trip_line_675_c_h_37", 2, 2, 1, 2, 1, 2
"Line.trip_line_632_a_h_34", 2, 2, 1, 2, 1, 2
"Line.trip_line_675_c_h_36", 2, 2, 1, 2, 1, 2
"Line.trip_line_632_a_h_39", 2, 2, 1, 2, 1, 2
"Line.trip_line_675_c_h_39", 2, 2, 1, 2, 1, 2
"Line.trip_line_675_c_h_38", 2, 2, 1, 2, 1, 2
"Line.trip_line_632_a_h_37", 2, 2, 1, 2, 1, 2
"Line.trip_line_632_a_h_38", 2, 2, 1, 2, 1, 2
"Line.trip_line_684_a_h_29", 2, 2, 1, 2, 1, 2
"Line.trip_line_684_a_h_28", 2, 2, 1, 2, 1, 2
"Line.trip_line_684_a_h_27", 2, 2, 1, 2, 1, 2
"Line.trip_line_684_a_h_22", 2, 2, 1, 2, 1, 2
"Line.trip_line_684_a_h_21", 2, 2, 1, 2, 1, 2
"Line.trip_line_684_a_h_20", 2, 2, 1, 2, 1, 2
"Line.trip_line_684_a_h_26", 2, 2, 1, 2, 1, 2
"Line.trip_line_684_a_h_25", 2, 2, 1, 2, 1, 2
"Line.trip_line_684_a_h_24", 2, 2, 1, 2, 1, 2
"Line.trip_line_684_a_h_23", 2, 2, 1, 2, 1, 2
"Line.ol_652_a_xfmr_652_a_1", 2, 1, 1, 1
"Line.ol632-645", 2, 2, 2, 3, 2, 3
"Line.ol_652_a_xfmr_652_a_5", 2, 1, 1, 1
"Line.ol_652_a_xfmr_652_a_4", 2, 1, 1, 1
"Line.ol_652_a_xfmr_652_a_3", 2, 1, 1, 1
"Line.ol_652_a_xfmr_652_a_2", 2, 1, 1, 1
"Line.trip_line_684_c_h_6", 2, 2, 1, 2, 1, 2
"Line.trip_line_684_c_h_5", 2, 2, 1, 2, 1, 2
"Line.trip_line_684_a_h_39", 2, 2, 1, 2, 1, 2
"Line.trip_line_684_c_h_8", 2, 2, 1, 2, 1, 2
"Line.trip_line_684_a_h_38", 2, 2, 1, 2, 1, 2
"Line.trip_line_684_c_h_7", 2, 2, 1, 2, 1, 2
"Line.trip_line_684_c_h_2", 2, 2, 1, 2, 1, 2
"Line.trip_line_684_c_h_1", 2, 2, 1, 2, 1, 2
"Line.trip_line_684_c_h_4", 2, 2, 1, 2, 1, 2
"Line.trip_line_684_c_h_3", 2, 2, 1, 2, 1, 2
"Line.trip_line_684_a_h_33", 2, 2, 1, 2, 1, 2
"Line.trip_line_684_a_h_32", 2, 2, 1, 2, 1, 2
"Line.trip_line_684_a_h_31", 2, 2, 1, 2, 1, 2
"Line.trip_line_684_a_h_30", 2, 2, 1, 2, 1, 2
"Line.trip_line_684_a_h_37", 2, 2, 1, 2, 1, 2
"Line.trip_line_684_a_h_36", 2, 2, 1, 2, 1, 2
"Line.trip_line_684_c_h_9", 2, 2, 1, 2, 1, 2
"Line.trip_line_684_a_h_35", 2, 2, 1, 2, 1, 2
"Line.trip_line_684_a_h_34", 2, 2, 1, 2, 1, 2
"Line.trip_line_611_c_h_30", 2, 2, 1, 2, 1, 2
"Line.trip_line_611_c_h_31", 2, 2, 1, 2, 1, 2
"Line.trip_line_611_c_h_34", 2, 2, 1, 2, 1, 2
"Line.trip_line_611_c_h_35", 2, 2, 1, 2, 1, 2
"Line.trip_line_611_c_h_32", 2, 2, 1, 2, 1, 2
"Line.trip_line_611_c_h_33", 2, 2, 1, 2, 1, 2
"Line.trip_line_611_c_h_38", 2, 2, 1, 2, 1, 2
"Line.trip_line_611_c_h_39", 2, 2, 1, 2, 1, 2
"Line.trip_line_632_c_h_1", 2, 2, 1, 2, 1, 2
"Line.trip_line_611_c_h_36", 2, 2, 1, 2, 1, 2
"Line.trip_line_611_c_h_37", 2, 2, 1, 2, 1, 2
"Line.trip_line_632_c_h_4", 2, 2, 1, 2, 1, 2
"Line.trip_line_633_a_h_8", 2, 2, 1, 2, 1, 2
"Line.trip_line_632_c_h_5", 2, 2, 1, 2, 1, 2
"Line.trip_line_633_a_h_7", 2, 2, 1, 2, 1, 2
"Line.trip_line_632_c_h_2", 2, 2, 1, 2, 1, 2
"Line.trip_line_632_c_h_3", 2, 2, 1, 2, 1, 2
"Line.trip_line_633_a_h_9", 2, 2, 1, 2, 1, 2
"Line.trip_line_632_c_h_8", 2, 2, 1, 2, 1, 2
"Line.trip_line_633_a_h_4", 2, 2, 1, 2, 1, 2
"Line.trip_line_632_c_h_9", 2, 2, 1, 2, 1, 2
"Line.trip_line_633_a_h_3", 2, 2, 1, 2, 1, 2
"Line.trip_line_632_c_h_6", 2, 2, 1, 2, 1, 2
"Line.trip_line_633_a_h_6", 2, 2, 1, 2, 1, 2
"Line.trip_line_632_c_h_7", 2, 2, 1, 2, 1, 2
"Line.trip_line_633_a_h_5", 2, 2, 1, 2, 1, 2
"Line.trip_line_633_a_h_2", 2, 2, 1, 2, 1, 2
"Line.trip_line_633_a_h_1", 2, 2, 1, 2, 1, 2
"Line.trip_line_684_a_h_19", 2, 2, 1, 2, 1, 2
"Line.trip_line_684_a_h_18", 2, 2, 1, 2, 1, 2
"Line.ol_652_a", 2, 1, 1, 1
"Line.trip_line_684_a_h_17", 2, 2, 1, 2, 1, 2
"Line.trip_line_684_a_h_16", 2, 2, 1, 2, 1, 2
"Line.s671-692", 2, 3, 1, 2, 3, 1, 2, 3
"Line.trip_line_684_a_h_11", 2, 2, 1, 2, 1, 2
"Line.trip_line_684_a_h_10", 2, 2, 1, 2, 1, 2
"Line.trip_line_611_c_h_40", 2, 2, 1, 2, 1, 2
"Line.trip_line_684_a_h_15", 2, 2, 1, 2, 1, 2
"Line.trip_line_684_a_h_14", 2, 2, 1, 2, 1, 2
"Line.trip_line_684_a_h_13", 2, 2, 1, 2, 1, 2
"Line.trip_line_684_a_h_12", 2, 2, 1, 2, 1, 2
"Line.trip_line_680_a_h_1", 2, 2, 1, 2, 1, 2
"Line.trip_line_680_a_h_2", 2, 2, 1, 2, 1, 2
"Line.trip_line_611_c_h_12", 2, 2, 1, 2, 1, 2
"Line.trip_line_680_a_h_3", 2, 2, 1, 2, 1, 2
"Line.trip_line_611_c_h_13", 2, 2, 1, 2, 1, 2
"Line.trip_line_680_a_h_4", 2, 2, 1, 2, 1, 2
"Line.trip_line_611_c_h_10", 2, 2, 1, 2, 1, 2
"Line.trip_line_680_a_h_5", 2, 2, 1, 2, 1, 2
"Line.trip_line_611_c_h_11", 2, 2, 1, 2, 1, 2
"Line.trip_line_680_a_h_6", 2, 2, 1, 2, 1, 2
"Line.trip_line_611_c_h_16", 2, 2, 1, 2, 1, 2
"Line.trip_line_611_c_h_17", 2, 2, 1, 2, 1, 2
"Line.trip_line_611_c_h_14", 2, 2, 1, 2, 1, 2
"Line.trip_line_611_c_h_15", 2, 2, 1, 2, 1, 2
"Line.trip_line_611_c_h_18", 2, 2, 1, 2, 1, 2
"Line.trip_line_611_c_h_19", 2, 2, 1, 2, 1, 2
"Line.ol632-6321", 2, 3, 1, 2, 3, 1, 2, 3
"Line.trip_line_611_c_h_20", 2, 2, 1, 2, 1, 2
"Line.trip_line_611_c_h_23", 2, 2, 1, 2, 1, 2
"Line.trip_line_611_c_h_24", 2, 2, 1, 2, 1, 2
"Line.trip_line_611_c_h_21", 2, 2, 1, 2, 1, 2
"Line.trip_line_611_c_h_22", 2, 2, 1, 2, 1, 2
"Line.trip_line_611_c_h_27", 2, 2, 1, 2, 1, 2
"Line.trip_line_633_c_h_6", 2, 2, 1, 2, 1, 2
"Line.trip_line_611_c_h_28", 2, 2, 1, 2, 1, 2
"Line.trip_line_633_c_h_5", 2, 2, 1, 2, 1, 2
"Line.trip_line_611_c_h_25", 2, 2, 1, 2, 1, 2
"Line.trip_line_633_c_h_8", 2, 2, 1, 2, 1, 2
"Line.trip_line_611_c_h_26", 2, 2, 1, 2, 1, 2
"Line.trip_line_633_c_h_7", 2, 2, 1, 2, 1, 2
"Line.trip_line_633_c_h_9", 2, 2, 1, 2, 1, 2
"Line.trip_line_611_c_h_29", 2, 2, 1, 2, 1, 2
"Line.trip_line_633_c_h_2", 2, 2, 1, 2, 1, 2
"Line.trip_line_633_c_h_1", 2, 2, 1, 2, 1, 2
"Line.trip_line_633_c_h_4", 2, 2, 1, 2, 1, 2
"Line.trip_line_633_c_h_3", 2, 2, 1, 2, 1, 2
"Line.trip_line_632_b_h_3", 2, 2, 1, 2, 1, 2
"Line.trip_line_632_b_h_4", 2, 2, 1, 2, 1, 2
"Line.trip_line_632_b_h_5", 2, 2, 1, 2, 1, 2
"Line.trip_line_632_b_h_6", 2, 2, 1, 2, 1, 2
"Line.trip_line_632_b_h_1", 2, 2, 1, 2, 1, 2
"Line.trip_line_632_b_h_2", 2, 2, 1, 2, 1, 2
"Line.trip_line_632_b_h_7", 2, 2, 1, 2, 1, 2
"Line.trip_line_632_b_h_8", 2, 2, 1, 2, 1, 2
"Line.trip_line_632_b_h_9", 2, 2, 1, 2, 1, 2
"Line.trip_line_680_b_h_16", 2, 2, 1, 2, 1, 2
"Line.trip_line_680_b_h_15", 2, 2, 1, 2, 1, 2
"Line.ol645-646", 2, 2, 2, 3, 2, 3
"Line.ol_675_a_xfmr_675_a_1", 2, 1, 1, 1
"Line.trip_line_680_b_h_14", 2, 2, 1, 2, 1, 2
"Line.trip_line_680_b_h_13", 2, 2, 1, 2, 1, 2
"Line.trip_line_680_b_h_19", 2, 2, 1, 2, 1, 2
"Line.trip_line_680_b_h_18", 2, 2, 1, 2, 1, 2
"Line.trip_line_680_b_h_17", 2, 2, 1, 2, 1, 2
"Line.ol_675_a_xfmr_675_a_3", 2, 1, 1, 1
"Line.trip_line_680_b_h_12", 2, 2, 1, 2, 1, 2
"Line.ol_675_a_xfmr_675_a_2", 2, 1, 1, 1
"Line.trip_line_680_b_h_11", 2, 2, 1, 2, 1, 2
"Line.ol_675_a_xfmr_675_a_5", 2, 1, 1, 1
"Line.trip_line_680_b_h_10", 2, 2, 1, 2, 1, 2
"Line.ol_675_a_xfmr_675_a_4", 2, 1, 1, 1
"Line.trip_line_680_a_h_7", 2, 2, 1, 2, 1, 2
"Line.trip_line_680_b_h_27", 2, 2, 1, 2, 1, 2
"Line.trip_line_680_a_h_8", 2, 2, 1, 2, 1, 2
"Line.trip_line_680_b_h_26", 2, 2, 1, 2, 1, 2
"Line.trip_line_680_a_h_9", 2, 2, 1, 2, 1, 2
"Line.trip_line_680_b_h_25", 2, 2, 1, 2, 1, 2
"Line.trip_line_680_b_h_24", 2, 2, 1, 2, 1, 2
"Line.trip_line_680_b_h_29", 2, 2, 1, 2, 1, 2
"Line.trip_line_680_b_h_28", 2, 2, 1, 2, 1, 2
"Line.trip_line_680_b_h_23", 2, 2, 1, 2, 1, 2
"Line.trip_line_680_b_h_22", 2, 2, 1, 2, 1, 2
"Line.trip_line_680_b_h_21", 2, 2, 1, 2, 1, 2
"Line.trip_line_680_b_h_20", 2, 2, 1, 2, 1, 2
"Line.trip_line_633_c_h_11", 2, 2, 1, 2, 1, 2
"Line.trip_line_680_b_h_4", 2, 2, 1, 2, 1, 2
"Line.trip_line_633_c_h_10", 2, 2, 1, 2, 1, 2
"Line.trip_line_680_b_h_5", 2, 2, 1, 2, 1, 2
"Line.trip_line_633_c_h_13", 2, 2, 1, 2, 1, 2
"Line.trip_line_680_b_h_2", 2, 2, 1, 2, 1, 2
"Line.trip_line_633_c_h_12", 2, 2, 1, 2, 1, 2
"Line.trip_line_680_b_h_3", 2, 2, 1, 2, 1, 2
"Line.trip_line_680_b_h_1", 2, 2, 1, 2, 1, 2
"Line.trip_line_680_b_h_38", 2, 2, 1, 2, 1, 2
"Line.trip_line_680_b_h_37", 2, 2, 1, 2, 1, 2
"Line.trip_line_680_b_h_36", 2, 2, 1, 2, 1, 2
"Line.trip_line_680_b_h_35", 2, 2, 1, 2, 1, 2
"Line.trip_line_680_b_h_39", 2, 2, 1, 2, 1, 2
"Line.trip_line_633_c_h_19", 2, 2, 1, 2, 1, 2
"Line.trip_line_680_b_h_30", 2, 2, 1, 2, 1, 2
"Line.trip_line_633_c_h_18", 2, 2, 1, 2, 1, 2
"Line.trip_line_633_c_h_15", 2, 2, 1, 2, 1, 2
"Line.trip_line_680_b_h_34", 2, 2, 1, 2, 1, 2
"Line.trip_line_633_c_h_14", 2, 2, 1, 2, 1, 2
"Line.trip_line_680_b_h_33", 2, 2, 1, 2, 1, 2
"Line.trip_line_633_c_h_17", 2, 2, 1, 2, 1, 2
"Line.trip_line_680_b_h_32", 2, 2, 1, 2, 1, 2
"Line.trip_line_633_c_h_16", 2, 2, 1, 2, 1, 2
"Line.trip_line_680_b_h_31", 2, 2, 1, 2, 1, 2
"Line.trip_line_633_c_h_22", 2, 2, 1, 2, 1, 2
"Line.trip_line_633_c_h_21", 2, 2, 1, 2, 1, 2
"Line.trip_line_633_c_h_24", 2, 2, 1, 2, 1, 2
"Line.trip_line_633_c_h_23", 2, 2, 1, 2, 1, 2
"Line.trip_line_633_c_h_20", 2, 2, 1, 2, 1, 2
"Line.trip_line_633_c_h_29", 2, 2, 1, 2, 1, 2
"Line.trip_line_680_b_h_40", 2, 2, 1, 2, 1, 2
"Line.trip_line_633_c_h_26", 2, 2, 1, 2, 1, 2
"Line.trip_line_633_c_h_25", 2, 2, 1, 2, 1, 2
"Line.trip_line_633_c_h_28", 2, 2, 1, 2, 1, 2
"Line.trip_line_633_c_h_27", 2, 2, 1, 2, 1, 2
"Line.trip_line_633_c_h_33", 2, 2, 1, 2, 1, 2
"Line.trip_line_633_c_h_32", 2, 2, 1, 2, 1, 2
"Line.trip_line_633_c_h_35", 2, 2, 1, 2, 1, 2
"Line.trip_line_633_c_h_34", 2, 2, 1, 2, 1, 2
"Line.trip_line_633_c_h_31", 2, 2, 1, 2, 1, 2
"Line.trip_line_633_c_h_30", 2, 2, 1, 2, 1, 2
"Line.trip_line_633_c_h_37", 2, 2, 1, 2, 1, 2
"Line.trip_line_633_c_h_36", 2, 2, 1, 2, 1, 2
"Line.trip_line_633_c_h_39", 2, 2, 1, 2, 1, 2
"Line.trip_line_633_c_h_38", 2, 2, 1, 2, 1, 2
"Line.trip_line_633_c_h_40", 2, 2, 1, 2, 1, 2
"Line.trip_line_680_b_h_8", 2, 2, 1, 2, 1, 2
"Line.trip_line_680_b_h_9", 2, 2, 1, 2, 1, 2
"Line.trip_line_680_b_h_6", 2, 2, 1, 2, 1, 2
"Line.trip_line_680_b_h_7", 2, 2, 1, 2, 1, 2
"Line.trip_line_680_c_h_9", 2, 2, 1, 2, 1, 2
"Line.trip_line_680_c_h_5", 2, 2, 1, 2, 1, 2
"Line.trip_line_680_c_h_6", 2, 2, 1, 2, 1, 2
"Line.trip_line_680_c_h_7", 2, 2, 1, 2, 1, 2
"Line.trip_line_680_c_h_8", 2, 2, 1, 2, 1, 2
"Line.ol_632_a_xfmr_632_a_4", 2, 1, 1, 1
"Line.ol_632_a_xfmr_632_a_5", 2, 1, 1, 1
"Line.ol_632_c_xfmr_632_c_1", 2, 1, 3, 3
"Line.ol_632_a_xfmr_632_a_2", 2, 1, 1, 1
"Line.ol_632_a_xfmr_632_a_3", 2, 1, 1, 1
"Line.ol_632_c_xfmr_632_c_4", 2, 1, 3, 3
"Line.ol_632_a_xfmr_632_a_1", 2, 1, 1, 1
"Line.ol_632_c_xfmr_632_c_5", 2, 1, 3, 3
"Line.ol_632_c_xfmr_632_c_2", 2, 1, 3, 3
"Line.ol_632_c_xfmr_632_c_3", 2, 1, 3, 3
"Line.ol_633_b_xfmr_633_b_2", 2, 1, 2, 2
"Line.ol_633_b_xfmr_633_b_3", 2, 1, 2, 2
"Line.ol_633_b_xfmr_633_b_4", 2, 1, 2, 2
"Line.ol_633_b_xfmr_633_b_5", 2, 1, 2, 2
"Line.ol_675_b_xfmr_675_b_1", 2, 1, 2, 2
"Line.ol_675_b_xfmr_675_b_5", 2, 1, 2, 2
"Line.ol_675_b_xfmr_675_b_4", 2, 1, 2, 2
"Line.ol_675_b_xfmr_675_b_3", 2, 1, 2, 2
"Line.ol_675_b_xfmr_675_b_2", 2, 1, 2, 2
"Line.ol_633_b_xfmr_633_b_1", 2, 1, 2, 2
"Line.trip_line_680_c_h_1", 2, 2, 1, 2, 1, 2
"Line.trip_line_680_c_h_2", 2, 2, 1, 2, 1, 2
"Line.trip_line_680_c_h_3", 2, 2, 1, 2, 1, 2
"Line.trip_line_680_c_h_4", 2, 2, 1, 2, 1, 2
"Line.trip_line_680_a_h_21", 2, 2, 1, 2, 1, 2
"Line.trip_line_680_a_h_22", 2, 2, 1, 2, 1, 2
"Line.trip_line_680_a_h_20", 2, 2, 1, 2, 1, 2
"Line.trip_line_680_a_h_29", 2, 2, 1, 2, 1, 2
"Line.trip_line_680_a_h_27", 2, 2, 1, 2, 1, 2
"Line.trip_line_680_a_h_28", 2, 2, 1, 2, 1, 2
"Line.trip_line_680_a_h_25", 2, 2, 1, 2, 1, 2
"Line.trip_line_680_a_h_26", 2, 2, 1, 2, 1, 2
"Line.trip_line_680_a_h_23", 2, 2, 1, 2, 1, 2
"Line.trip_line_680_a_h_24", 2, 2, 1, 2, 1, 2
"Line.trip_line_680_c_h_40", 2, 2, 1, 2, 1, 2
"Line.trip_line_680_a_h_32", 2, 2, 1, 2, 1, 2
"Line.trip_line_680_a_h_33", 2, 2, 1, 2, 1, 2
"Line.trip_line_680_a_h_30", 2, 2, 1, 2, 1, 2
"Line.trip_line_680_a_h_31", 2, 2, 1, 2, 1, 2
"Line.trip_line_633_b_h_14", 2, 2, 1, 2, 1, 2
"Line.trip_line_633_b_h_13", 2, 2, 1, 2, 1, 2
"Line.trip_line_633_b_h_16", 2, 2, 1, 2, 1, 2
"Line.trip_line_680_a_h_38", 2, 2, 1, 2, 1, 2
"Line.trip_line_633_b_h_15", 2, 2, 1, 2, 1, 2
"Line.trip_line_680_a_h_39", 2, 2, 1, 2, 1, 2
"Line.trip_line_633_b_h_18", 2, 2, 1, 2, 1, 2
"Line.trip_line_680_a_h_36", 2, 2, 1, 2, 1, 2
"Line.trip_line_633_b_h_17", 2, 2, 1, 2, 1, 2
"Line.trip_line_680_a_h_37", 2, 2, 1, 2, 1, 2
"Line.trip_line_680_a_h_34", 2, 2, 1, 2, 1, 2
"Line.trip_line_633_b_h_19", 2, 2, 1, 2, 1, 2
"Line.trip_line_680_a_h_35", 2, 2, 1, 2, 1, 2
"Line.trip_line_633_b_h_10", 2, 2, 1, 2, 1, 2
"Line.trip_line_633_b_h_12", 2, 2, 1, 2, 1, 2
"Line.trip_line_633_b_h_11", 2, 2, 1, 2, 1, 2
"Line.trip_line_671_c_h_2", 2, 2, 1, 2, 1, 2
"Line.trip_line_671_c_h_1", 2, 2, 1, 2, 1, 2
"Line.trip_line_680_c_h_20", 2, 2, 1, 2, 1, 2
"Line.trip_line_680_c_h_21", 2, 2, 1, 2, 1, 2
"Line.ul632-633", 2, 3, 1, 2, 3, 1, 2, 3
"Line.trip_line_680_c_h_22", 2, 2, 1, 2, 1, 2
"Line.trip_line_680_c_h_23", 2, 2, 1, 2, 1, 2
"Line.trip_line_680_c_h_24", 2, 2, 1, 2, 1, 2
"Line.trip_line_680_c_h_25", 2, 2, 1, 2, 1, 2
"Line.trip_line_680_c_h_26", 2, 2, 1, 2, 1, 2
"Line.trip_line_680_c_h_27", 2, 2, 1, 2, 1, 2
"Line.trip_line_680_c_h_28", 2, 2, 1, 2, 1, 2
"Line.trip_line_680_c_h_29", 2, 2, 1, 2, 1, 2
"Line.trip_line_680_a_h_10", 2, 2, 1, 2, 1, 2
"Line.trip_line_680_a_h_11", 2, 2, 1, 2, 1, 2
"Line.trip_line_680_a_h_18", 2, 2, 1, 2, 1, 2
"Line.trip_line_680_a_h_19", 2, 2, 1, 2, 1, 2
"Line.trip_line_680_a_h_16", 2, 2, 1, 2, 1, 2
"Line.trip_line_680_a_h_17", 2, 2, 1, 2, 1, 2
"Line.trip_line_680_a_h_14", 2, 2, 1, 2, 1, 2
"Line.trip_line_680_a_h_15", 2, 2, 1, 2, 1, 2
"Line.trip_line_680_a_h_12", 2, 2, 1, 2, 1, 2
"Line.trip_line_680_a_h_13", 2, 2, 1, 2, 1, 2
"Line.trip_line_671_c_h_4", 2, 2, 1, 2, 1, 2
"Line.trip_line_671_c_h_3", 2, 2, 1, 2, 1, 2
"Line.trip_line_671_c_h_6", 2, 2, 1, 2, 1, 2
"Line.trip_line_680_c_h_30", 2, 2, 1, 2, 1, 2
"Line.trip_line_671_c_h_5", 2, 2, 1, 2, 1, 2
"Line.trip_line_680_c_h_31", 2, 2, 1, 2, 1, 2
"Line.trip_line_671_c_h_8", 2, 2, 1, 2, 1, 2
"Line.trip_line_680_c_h_32", 2, 2, 1, 2, 1, 2
"Line.trip_line_671_c_h_7", 2, 2, 1, 2, 1, 2
"Line.trip_line_680_c_h_33", 2, 2, 1, 2, 1, 2
"Line.trip_line_680_c_h_34", 2, 2, 1, 2, 1, 2
"Line.trip_line_671_c_h_9", 2, 2, 1, 2, 1, 2
"Line.trip_line_680_c_h_35", 2, 2, 1, 2, 1, 2
"Line.trip_line_680_c_h_36", 2, 2, 1, 2, 1, 2
"Line.trip_line_680_c_h_37", 2, 2, 1, 2, 1, 2
"Line.trip_line_680_c_h_38", 2, 2, 1, 2, 1, 2
"Line.trip_line_680_c_h_39", 2, 2, 1, 2, 1, 2
"Line.trip_line_633_b_h_40", 2, 2, 1, 2, 1, 2
"Line.trip_line_675_a_h_40", 2, 2, 1, 2, 1, 2
"Line.trip_line_675_a_h_32", 2, 2, 1, 2, 1, 2
"Line.trip_line_675_a_h_33", 2, 2, 1, 2, 1, 2
"Line.trip_line_675_a_h_34", 2, 2, 1, 2, 1, 2
"Line.trip_line_675_a_h_35", 2, 2, 1, 2, 1, 2
"Line.trip_line_675_a_h_36", 2, 2, 1, 2, 1, 2
"Line.trip_line_675_a_h_37", 2, 2, 1, 2, 1, 2
"Line.trip_line_675_a_h_38", 2, 2, 1, 2, 1, 2
"Line.trip_line_675_a_h_39", 2, 2, 1, 2, 1, 2
"Line.trip_line_680_c_h_10", 2, 2, 1, 2, 1, 2
"Line.trip_line_680_c_h_11", 2, 2, 1, 2, 1, 2
"Line.trip_line_675_a_h_30", 2, 2, 1, 2, 1, 2
"Line.trip_line_680_c_h_12", 2, 2, 1, 2, 1, 2
"Line.trip_line_675_a_h_31", 2, 2, 1, 2, 1, 2
"Line.trip_line_680_c_h_13", 2, 2, 1, 2, 1, 2
"Line.trip_line_680_c_h_14", 2, 2, 1, 2, 1, 2
"Line.trip_line_680_c_h_15", 2, 2, 1, 2, 1, 2
"Line.trip_line_680_c_h_16", 2, 2, 1, 2, 1, 2
"Line.trip_line_680_c_h_17", 2, 2, 1, 2, 1, 2
"Line.trip_line_680_c_h_18", 2, 2, 1, 2, 1, 2
"Line.trip_line_680_c_h_19", 2, 2, 1, 2, 1, 2
"Line.trip_line_675_a_h_29", 2, 2, 1, 2, 1, 2
"Line.trip_line_680_a_h_40", 2, 2, 1, 2, 1, 2
"Line.trip_line_652_a_h_1", 2, 2, 1, 2, 1, 2
"Line.trip_line_633_b_h_25", 2, 2, 1, 2, 1, 2
"Line.trip_line_675_a_h_21", 2, 2, 1, 2, 1, 2
"Line.trip_line_633_b_h_24", 2, 2, 1, 2, 1, 2
"Line.trip_line_675_a_h_22", 2, 2, 1, 2, 1, 2
"Line.trip_line_633_b_h_27", 2, 2, 1, 2, 1, 2
"Line.trip_line_675_a_h_23", 2, 2, 1, 2, 1, 2
"Line.trip_line_633_b_h_26", 2, 2, 1, 2, 1, 2
"Line.trip_line_675_a_h_24", 2, 2, 1, 2, 1, 2
"Line.trip_line_633_b_h_29", 2, 2, 1, 2, 1, 2
"Line.trip_line_675_a_h_25", 2, 2, 1, 2, 1, 2
"Line.trip_line_633_b_h_28", 2, 2, 1, 2, 1, 2
"Line.trip_line_675_a_h_26", 2, 2, 1, 2, 1, 2
"Line.trip_line_675_a_h_27", 2, 2, 1, 2, 1, 2
"Line.trip_line_675_a_h_28", 2, 2, 1, 2, 1, 2
"Line.ol_680_a_xfmr_680_a_1", 2, 1, 1, 1
"Line.trip_line_633_b_h_21", 2, 2, 1, 2, 1, 2
"Line.trip_line_633_b_h_20", 2, 2, 1, 2, 1, 2
"Line.trip_line_633_b_h_23", 2, 2, 1, 2, 1, 2
"Line.trip_line_633_b_h_22", 2, 2, 1, 2, 1, 2
"Line.trip_line_675_a_h_20", 2, 2, 1, 2, 1, 2
"Line.ol_680_a_xfmr_680_a_2", 2, 1, 1, 1
"Line.ol_680_a_xfmr_680_a_3", 2, 1, 1, 1
"Line.ol_680_a_xfmr_680_a_4", 2, 1, 1, 1
"Line.ol_680_a_xfmr_680_a_5", 2, 1, 1, 1
"Line.trip_line_675_a_h_18", 2, 2, 1, 2, 1, 2
"Line.trip_line_675_a_h_19", 2, 2, 1, 2, 1, 2
"Line.ol_692_c", 2, 1, 3, 3
"Line.ol_692_b", 2, 1, 2, 2
"Line.trip_line_633_b_h_36", 2, 2, 1, 2, 1, 2
"Line.trip_line_675_a_h_10", 2, 2, 1, 2, 1, 2
"Line.trip_line_633_b_h_35", 2, 2, 1, 2, 1, 2
"Line.trip_line_675_a_h_11", 2, 2, 1, 2, 1, 2
"Line.trip_line_633_b_h_38", 2, 2, 1, 2, 1, 2
"Line.trip_line_675_a_h_12", 2, 2, 1, 2, 1, 2
"Line.trip_line_633_b_h_37", 2, 2, 1, 2, 1, 2
"Line.trip_line_675_a_h_13", 2, 2, 1, 2, 1, 2
"Line.trip_line_675_a_h_14", 2, 2, 1, 2, 1, 2
"Line.trip_line_633_b_h_39", 2, 2, 1, 2, 1, 2
"Line.trip_line_675_a_h_15", 2, 2, 1, 2, 1, 2
"Line.trip_line_675_a_h_16", 2, 2, 1, 2, 1, 2
"Line.trip_line_675_a_h_17", 2, 2, 1, 2, 1, 2
"Line.trip_line_633_b_h_30", 2, 2, 1, 2, 1, 2
"Line.trip_line_633_b_h_32", 2, 2, 1, 2, 1, 2
"Line.trip_line_633_b_h_31", 2, 2, 1, 2, 1, 2
"Line.trip_line_633_b_h_34", 2, 2, 1, 2, 1, 2
"Line.trip_line_633_b_h_33", 2, 2, 1, 2, 1, 2
"Line.trip_line_652_a_h_3", 2, 2, 1, 2, 1, 2
"Line.trip_line_652_a_h_2", 2, 2, 1, 2, 1, 2
"Line.trip_line_652_a_h_5", 2, 2, 1, 2, 1, 2
"Line.trip_line_652_a_h_4", 2, 2, 1, 2, 1, 2
"Line.ol_692_a", 2, 1, 1, 1
"Line.trip_line_652_a_h_7", 2, 2, 1, 2, 1, 2
"Line.trip_line_652_a_h_6", 2, 2, 1, 2, 1, 2
"Line.trip_line_652_a_h_9", 2, 2, 1, 2, 1, 2
"Line.trip_line_652_a_h_8", 2, 2, 1, 2, 1, 2
"Line.trip_line_675_b_h_10", 2, 2, 1, 2, 1, 2
"Line.trip_line_645_b_h_29", 2, 2, 1, 2, 1, 2
"Line.trip_line_645_b_h_28", 2, 2, 1, 2, 1, 2
"Line.trip_line_645_b_h_27", 2, 2, 1, 2, 1, 2
"Line.trip_line_645_b_h_26", 2, 2, 1, 2, 1, 2
"Line.trip_line_645_b_h_25", 2, 2, 1, 2, 1, 2
"Line.trip_line_692_a_h_40", 2, 2, 1, 2, 1, 2
"Line.trip_line_645_b_h_24", 2, 2, 1, 2, 1, 2
"Line.trip_line_645_b_h_23", 2, 2, 1, 2, 1, 2
"Line.trip_line_671_a_h_9", 2, 2, 1, 2, 1, 2
"Line.trip_line_645_b_h_22", 2, 2, 1, 2, 1, 2
"Line.trip_line_645_b_h_21", 2, 2, 1, 2, 1, 2
"Line.trip_line_645_b_h_20", 2, 2, 1, 2, 1, 2
"Line.trip_line_671_a_h_6", 2, 2, 1, 2, 1, 2
"Line.ol_692_a_xfmr_692_a_1", 2, 1, 1, 1
"Line.trip_line_671_a_h_5", 2, 2, 1, 2, 1, 2
"Line.trip_line_675_b_h_19", 2, 2, 1, 2, 1, 2
"Line.trip_line_671_a_h_8", 2, 2, 1, 2, 1, 2
"Line.trip_line_671_a_h_7", 2, 2, 1, 2, 1, 2
"Line.ol_692_a_xfmr_692_a_4", 2, 1, 1, 1
"Line.trip_line_675_b_h_16", 2, 2, 1, 2, 1, 2
"Line.ol_692_a_xfmr_692_a_5", 2, 1, 1, 1
"Line.trip_line_675_b_h_15", 2, 2, 1, 2, 1, 2
"Line.ol_692_a_xfmr_692_a_2", 2, 1, 1, 1
"Line.trip_line_675_b_h_18", 2, 2, 1, 2, 1, 2
"Line.ol_692_a_xfmr_692_a_3", 2, 1, 1, 1
"Line.trip_line_675_b_h_17", 2, 2, 1, 2, 1, 2
"Line.trip_line_675_b_h_12", 2, 2, 1, 2, 1, 2
"Line.trip_line_675_b_h_11", 2, 2, 1, 2, 1, 2
"Line.trip_line_675_b_h_14", 2, 2, 1, 2, 1, 2
"Line.trip_line_675_b_h_13", 2, 2, 1, 2, 1, 2
"Line.trip_line_671_a_h_2", 2, 2, 1, 2, 1, 2
"Line.trip_line_671_a_h_1", 2, 2, 1, 2, 1, 2
"Line.trip_line_671_a_h_4", 2, 2, 1, 2, 1, 2
"Line.trip_line_671_a_h_3", 2, 2, 1, 2, 1, 2
"Line.trip_line_645_b_h_39", 2, 2, 1, 2, 1, 2
"Line.trip_line_645_b_h_38", 2, 2, 1, 2, 1, 2
"Line.trip_line_645_b_h_37", 2, 2, 1, 2, 1, 2
"Line.trip_line_645_b_h_36", 2, 2, 1, 2, 1, 2
"Line.trip_line_645_b_h_35", 2, 2, 1, 2, 1, 2
"Line.trip_line_645_b_h_34", 2, 2, 1, 2, 1, 2
"Line.trip_line_645_b_h_33", 2, 2, 1, 2, 1, 2
"Line.trip_line_645_b_h_32", 2, 2, 1, 2, 1, 2
"Line.trip_line_645_b_h_31", 2, 2, 1, 2, 1, 2
"Line.trip_line_645_b_h_30", 2, 2, 1, 2, 1, 2
"Line.trip_line_675_b_h_30", 2, 2, 1, 2, 1, 2
"Line.trip_line_692_a_h_29", 2, 2, 1, 2, 1, 2
"Line.trip_line_692_a_h_28", 2, 2, 1, 2, 1, 2
"Line.trip_line_675_b_h_32", 2, 2, 1, 2, 1, 2
"Line.trip_line_675_b_h_31", 2, 2, 1, 2, 1, 2
"Line.trip_line_692_a_h_25", 2, 2, 1, 2, 1, 2
"Line.trip_line_692_a_h_24", 2, 2, 1, 2, 1, 2
"Line.trip_line_692_a_h_27", 2, 2, 1, 2, 1, 2
"Line.trip_line_692_a_h_26", 2, 2, 1, 2, 1, 2
"Line.trip_line_692_a_h_21", 2, 2, 1, 2, 1, 2
"Line.trip_line_692_b_h_8", 2, 2, 1, 2, 1, 2
"Line.trip_line_633_a_h_20", 2, 2, 1, 2, 1, 2
"Line.trip_line_692_a_h_20", 2, 2, 1, 2, 1, 2
"Line.trip_line_692_b_h_7", 2, 2, 1, 2, 1, 2
"Line.trip_line_633_a_h_21", 2, 2, 1, 2, 1, 2
"Line.trip_line_692_a_h_23", 2, 2, 1, 2, 1, 2
"Line.trip_line_692_b_h_6", 2, 2, 1, 2, 1, 2
"Line.trip_line_633_a_h_22", 2, 2, 1, 2, 1, 2
"Line.trip_line_692_a_h_22", 2, 2, 1, 2, 1, 2
"Line.trip_line_692_b_h_5", 2, 2, 1, 2, 1, 2
"Line.trip_line_692_b_h_9", 2, 2, 1, 2, 1, 2
"Line.trip_line_633_a_h_27", 2, 2, 1, 2, 1, 2
"Line.trip_line_633_a_h_28", 2, 2, 1, 2, 1, 2
"Line.trip_line_633_a_h_29", 2, 2, 1, 2, 1, 2
"Line.trip_line_633_a_h_23", 2, 2, 1, 2, 1, 2
"Line.trip_line_633_a_h_24", 2, 2, 1, 2, 1, 2
"Line.trip_line_633_a_h_25", 2, 2, 1, 2, 1, 2
"Line.trip_line_633_a_h_26", 2, 2, 1, 2, 1, 2
"Line.trip_line_675_b_h_38", 2, 2, 1, 2, 1, 2
"Line.trip_line_675_b_h_37", 2, 2, 1, 2, 1, 2
"Line.trip_line_675_b_h_39", 2, 2, 1, 2, 1, 2
"Line.trip_line_675_b_h_34", 2, 2, 1, 2, 1, 2
"Line.trip_line_675_b_h_33", 2, 2, 1, 2, 1, 2
"Line.trip_line_675_b_h_36", 2, 2, 1, 2, 1, 2
"Line.trip_line_675_b_h_35", 2, 2, 1, 2, 1, 2
"Line.trip_line_692_a_h_39", 2, 2, 1, 2, 1, 2
"Line.trip_line_675_b_h_21", 2, 2, 1, 2, 1, 2
"Line.trip_line_675_b_h_20", 2, 2, 1, 2, 1, 2
"Line.trip_line_692_a_h_36", 2, 2, 1, 2, 1, 2
"Line.trip_line_692_a_h_35", 2, 2, 1, 2, 1, 2
"Line.ol_633_a", 2, 1, 1, 1
"Line.trip_line_692_a_h_38", 2, 2, 1, 2, 1, 2
"Line.ol_633_b", 2, 1, 2, 2
"Line.trip_line_692_a_h_37", 2, 2, 1, 2, 1, 2
"Line.ol_633_c", 2, 1, 3, 3
"Line.trip_line_692_a_h_32", 2, 2, 1, 2, 1, 2
"Line.trip_line_692_a_h_31", 2, 2, 1, 2, 1, 2
"Line.trip_line_633_a_h_10", 2, 2, 1, 2, 1, 2
"Line.trip_line_645_b_h_19", 2, 2, 1, 2, 1, 2
"Line.trip_line_692_a_h_34", 2, 2, 1, 2, 1, 2
"Line.trip_line_633_a_h_11", 2, 2, 1, 2, 1, 2
"Line.trip_line_645_b_h_18", 2, 2, 1, 2, 1, 2
"Line.trip_line_692_a_h_33", 2, 2, 1, 2, 1, 2
"Line.trip_line_645_b_h_17", 2, 2, 1, 2, 1, 2
"Line.trip_line_645_b_h_16", 2, 2, 1, 2, 1, 2
"Line.trip_line_645_b_h_15", 2, 2, 1, 2, 1, 2
"Line.trip_line_692_a_h_30", 2, 2, 1, 2, 1, 2
"Line.trip_line_645_b_h_14", 2, 2, 1, 2, 1, 2
"Line.trip_line_633_a_h_16", 2, 2, 1, 2, 1, 2
"Line.trip_line_645_b_h_13", 2, 2, 1, 2, 1, 2
"Line.trip_line_633_a_h_17", 2, 2, 1, 2, 1, 2
"Line.trip_line_645_b_h_12", 2, 2, 1, 2, 1, 2
"Line.trip_line_633_a_h_18", 2, 2, 1, 2, 1, 2
"Line.trip_line_645_b_h_11", 2, 2, 1, 2, 1, 2
"Line.trip_line_633_a_h_19", 2, 2, 1, 2, 1, 2
"Line.trip_line_645_b_h_10", 2, 2, 1, 2, 1, 2
"Line.trip_line_633_a_h_12", 2, 2, 1, 2, 1, 2
"Line.trip_line_692_b_h_4", 2, 2, 1, 2, 1, 2
"Line.trip_line_633_a_h_13", 2, 2, 1, 2, 1, 2
"Line.trip_line_692_b_h_3", 2, 2, 1, 2, 1, 2
"Line.trip_line_633_a_h_14", 2, 2, 1, 2, 1, 2
"Line.trip_line_692_b_h_2", 2, 2, 1, 2, 1, 2
"Line.trip_line_633_a_h_15", 2, 2, 1, 2, 1, 2
"Line.trip_line_692_b_h_1", 2, 2, 1, 2, 1, 2
"Line.trip_line_675_b_h_27", 2, 2, 1, 2, 1, 2
"Line.trip_line_675_b_h_26", 2, 2, 1, 2, 1, 2
"Line.trip_line_675_b_h_29", 2, 2, 1, 2, 1, 2
"Line.trip_line_675_b_h_28", 2, 2, 1, 2, 1, 2
"Line.trip_line_675_b_h_23", 2, 2, 1, 2, 1, 2
"Line.trip_line_675_b_h_22", 2, 2, 1, 2, 1, 2
"Line.trip_line_675_b_h_25", 2, 2, 1, 2, 1, 2
"Line.trip_line_675_b_h_24", 2, 2, 1, 2, 1, 2
"Line.trip_line_675_b_h_40", 2, 2, 1, 2, 1, 2
"Line.trip_line_684_c_h_15", 2, 2, 1, 2, 1, 2
"Line.trip_line_652_a_h_19", 2, 2, 1, 2, 1, 2
"Line.trip_line_684_c_h_14", 2, 2, 1, 2, 1, 2
"Line.trip_line_652_a_h_18", 2, 2, 1, 2, 1, 2
"Line.trip_line_684_c_h_17", 2, 2, 1, 2, 1, 2
"Line.trip_line_652_a_h_17", 2, 2, 1, 2, 1, 2
"Line.trip_line_684_c_h_16", 2, 2, 1, 2, 1, 2
"Line.trip_line_684_c_h_11", 2, 2, 1, 2, 1, 2
"Line.trip_line_684_c_h_10", 2, 2, 1, 2, 1, 2
"Line.trip_line_684_c_h_13", 2, 2, 1, 2, 1, 2
"Line.ol_611_c", 2, 1, 3, 3
"Line.trip_line_684_c_h_12", 2, 2, 1, 2, 1, 2
"Line.trip_line_652_a_h_12", 2, 2, 1, 2, 1, 2
"Line.trip_line_652_a_h_11", 2, 2, 1, 2, 1, 2
"Line.trip_line_652_a_h_10", 2, 2, 1, 2, 1, 2
"Line.trip_line_652_a_h_16", 2, 2, 1, 2, 1, 2
"Line.trip_line_684_c_h_19", 2, 2, 1, 2, 1, 2
"Line.trip_line_652_a_h_15", 2, 2, 1, 2, 1, 2
"Line.trip_line_684_c_h_18", 2, 2, 1, 2, 1, 2
"Line.trip_line_652_a_h_14", 2, 2, 1, 2, 1, 2
"Line.trip_line_652_a_h_13", 2, 2, 1, 2, 1, 2
"Line.trip_line_675_c_h_9", 2, 2, 1, 2, 1, 2
"Line.trip_line_692_a_h_3", 2, 2, 1, 2, 1, 2
"Line.trip_line_692_a_h_2", 2, 2, 1, 2, 1, 2
"Line.trip_line_675_c_h_7", 2, 2, 1, 2, 1, 2
"Line.trip_line_692_a_h_5", 2, 2, 1, 2, 1, 2
"Line.trip_line_675_c_h_8", 2, 2, 1, 2, 1, 2
"Line.trip_line_692_a_h_4", 2, 2, 1, 2, 1, 2
"Line.trip_line_692_a_h_1", 2, 2, 1, 2, 1, 2
"Line.trip_line_675_c_h_1", 2, 2, 1, 2, 1, 2
"Line.trip_line_675_c_h_2", 2, 2, 1, 2, 1, 2
"Line.trip_line_675_c_h_5", 2, 2, 1, 2, 1, 2
"Line.trip_line_675_c_h_6", 2, 2, 1, 2, 1, 2
"Line.trip_line_675_c_h_3", 2, 2, 1, 2, 1, 2
"Line.trip_line_675_c_h_4", 2, 2, 1, 2, 1, 2
"Line.ol_671_b_xfmr_671_b_1", 2, 1, 2, 2
"Line.ol_680_b_xfmr_680_b_1", 2, 1, 2, 2
"Line.trip_line_645_b_h_40", 2, 2, 1, 2, 1, 2
"Line.ol_671_b_xfmr_671_b_5", 2, 1, 2, 2
"Line.ol_680_b_xfmr_680_b_3", 2, 1, 2, 2
"Line.ol_671_b_xfmr_671_b_4", 2, 1, 2, 2
"Line.ol_680_b_xfmr_680_b_2", 2, 1, 2, 2
"Line.ol_671_b_xfmr_671_b_3", 2, 1, 2, 2
"Line.ol_680_b_xfmr_680_b_5", 2, 1, 2, 2
"Line.ol_671_b_xfmr_671_b_2", 2, 1, 2, 2
"Line.ol_680_b_xfmr_680_b_4", 2, 1, 2, 2
"Line.trip_line_671_b_h_3", 2, 2, 1, 2, 1, 2
"Line.trip_line_671_b_h_2", 2, 2, 1, 2, 1, 2
"Line.trip_line_671_b_h_1", 2, 2, 1, 2, 1, 2
"Line.trip_line_671_b_h_7", 2, 2, 1, 2, 1, 2
"Line.trip_line_671_b_h_6", 2, 2, 1, 2, 1, 2
"Line.trip_line_671_b_h_5", 2, 2, 1, 2, 1, 2
"Line.trip_line_671_b_h_4", 2, 2, 1, 2, 1, 2
"Line.trip_line_671_b_h_9", 2, 2, 1, 2, 1, 2
"Line.trip_line_671_b_h_8", 2, 2, 1, 2, 1, 2
"Line.ol6321-671", 2, 3, 1, 2, 3, 1, 2, 3
"Line.trip_line_692_a_h_7", 2, 2, 1, 2, 1, 2
"Line.trip_line_692_a_h_6", 2, 2, 1, 2, 1, 2
"Line.trip_line_692_a_h_9", 2, 2, 1, 2, 1, 2
"Line.trip_line_692_a_h_8", 2, 2, 1, 2, 1, 2
"Line.trip_line_632_c_h_10", 2, 2, 1, 2, 1, 2
"Line.trip_line_632_c_h_11", 2, 2, 1, 2, 1, 2
"Line.trip_line_632_c_h_12", 2, 2, 1, 2, 1, 2
"Line.ol_692_c_xfmr_692_c_4", 2, 1, 3, 3
"Line.trip_line_671_c_h_17", 2, 2, 1, 2, 1, 2
"Line.ol_692_c_xfmr_692_c_5", 2, 1, 3, 3
"Line.trip_line_671_c_h_16", 2, 2, 1, 2, 1, 2
"Line.ol_692_c_xfmr_692_c_2", 2, 1, 3, 3
"Line.trip_line_671_c_h_19", 2, 2, 1, 2, 1, 2
"Line.ol_692_c_xfmr_692_c_3", 2, 1, 3, 3
"Line.trip_line_671_c_h_18", 2, 2, 1, 2, 1, 2
"Line.trip_line_671_c_h_13", 2, 2, 1, 2, 1, 2
"Line.ol_692_c_xfmr_692_c_1", 2, 1, 3, 3
"Line.trip_line_671_c_h_12", 2, 2, 1, 2, 1, 2
"Line.trip_line_671_c_h_15", 2, 2, 1, 2, 1, 2
"Line.trip_line_671_c_h_14", 2, 2, 1, 2, 1, 2
"Line.trip_line_671_c_h_11", 2, 2, 1, 2, 1, 2
"Line.trip_line_671_c_h_10", 2, 2, 1, 2, 1, 2
"Line.ol_645_c_xfmr_645_c_1", 2, 1, 3, 3
"Line.trip_line_632_c_h_17", 2, 2, 1, 2, 1, 2
"Line.trip_line_632_c_h_18", 2, 2, 1, 2, 1, 2
"Line.trip_line_632_c_h_19", 2, 2, 1, 2, 1, 2
"Line.ol_645_c_xfmr_645_c_2", 2, 1, 3, 3
"Line.trip_line_632_c_h_13", 2, 2, 1, 2, 1, 2
"Line.ol_645_c_xfmr_645_c_3", 2, 1, 3, 3
"Line.trip_line_632_c_h_14", 2, 2, 1, 2, 1, 2
"Line.ol_645_c_xfmr_645_c_4", 2, 1, 3, 3
"Line.trip_line_632_c_h_15", 2, 2, 1, 2, 1, 2
"Line.ol_645_c_xfmr_645_c_5", 2, 1, 3, 3
"Line.trip_line_632_c_h_16", 2, 2, 1, 2, 1, 2
"Line.trip_line_671_c_h_28", 2, 2, 1, 2, 1, 2
"Line.trip_line_671_c_h_27", 2, 2, 1, 2, 1, 2
"Line.trip_line_671_c_h_29", 2, 2, 1, 2, 1, 2
"Line.trip_line_671_c_h_24", 2, 2, 1, 2, 1, 2
"Line.trip_line_671_c_h_23", 2, 2, 1, 2, 1, 2
"Line.trip_line_671_c_h_26", 2, 2, 1, 2, 1, 2
"Line.trip_line_671_c_h_25", 2, 2, 1, 2, 1, 2
"Line.trip_line_671_c_h_20", 2, 2, 1, 2, 1, 2
"Line.trip_line_671_c_h_22", 2, 2, 1, 2, 1, 2
"Line.trip_line_671_c_h_21", 2, 2, 1, 2, 1, 2
"Line.trip_line_632_c_h_31", 2, 2, 1, 2, 1, 2
"Line.trip_line_632_c_h_32", 2, 2, 1, 2, 1, 2
"Line.trip_line_632_c_h_33", 2, 2, 1, 2, 1, 2
"Line.trip_line_632_c_h_34", 2, 2, 1, 2, 1, 2
"Line.ol_680_c_xfmr_680_c_5", 2, 1, 3, 3
"Line.ol_680_c_xfmr_680_c_4", 2, 1, 3, 3
"Line.ol_680_c_xfmr_680_c_3", 2, 1, 3, 3
"Line.ol_680_c_xfmr_680_c_2", 2, 1, 3, 3
"Line.trip_line_632_c_h_30", 2, 2, 1, 2, 1, 2
"Line.ol_680_c_xfmr_680_c_1", 2, 1, 3, 3
"Line.ol_611_c_xfmr_611_c_2", 2, 1, 3, 3
"Line.ol_611_c_xfmr_611_c_3", 2, 1, 3, 3
"Line.ol_633_c_xfmr_633_c_1", 2, 1, 3, 3
"Line.ol_611_c_xfmr_611_c_4", 2, 1, 3, 3
"Line.ol_611_c_xfmr_611_c_5", 2, 1, 3, 3
"Line.trip_line_632_c_h_39", 2, 2, 1, 2, 1, 2
"Line.ol_633_c_xfmr_633_c_4", 2, 1, 3, 3
"Line.trip_line_632_c_h_35", 2, 2, 1, 2, 1, 2
"Line.ol_633_c_xfmr_633_c_5", 2, 1, 3, 3
"Line.trip_line_632_c_h_36", 2, 2, 1, 2, 1, 2
"Line.ol_633_c_xfmr_633_c_2", 2, 1, 3, 3
"Line.trip_line_632_c_h_37", 2, 2, 1, 2, 1, 2
"Line.ol_611_c_xfmr_611_c_1", 2, 1, 3, 3
"Line.ol_633_c_xfmr_633_c_3", 2, 1, 3, 3
"Line.trip_line_632_c_h_38", 2, 2, 1, 2, 1, 2
"Line.trip_line_632_c_h_20", 2, 2, 1, 2, 1, 2
"Line.trip_line_632_c_h_21", 2, 2, 1, 2, 1, 2
"Line.trip_line_632_c_h_22", 2, 2, 1, 2, 1, 2
"Line.trip_line_632_c_h_23", 2, 2, 1, 2, 1, 2
"Line.ol_675_c", 2, 1, 3, 3
"Line.ol_675_a", 2, 1, 1, 1
"Line.ol_675_b", 2, 1, 2, 2
"Line.trip_line_675_b_h_8", 2, 2, 1, 2, 1, 2
"Line.trip_line_675_b_h_9", 2, 2, 1, 2, 1, 2
"Line.trip_line_632_c_h_28", 2, 2, 1, 2, 1, 2
"Line.trip_line_675_b_h_4", 2, 2, 1, 2, 1, 2
"Line.trip_line_632_c_h_29", 2, 2, 1, 2, 1, 2
"Line.trip_line_675_b_h_5", 2, 2, 1, 2, 1, 2
"Line.trip_line_675_b_h_6", 2, 2, 1, 2, 1, 2
"Line.trip_line_675_b_h_7", 2, 2, 1, 2, 1, 2
"Line.trip_line_632_c_h_24", 2, 2, 1, 2, 1, 2
"Line.trip_line_632_c_h_25", 2, 2, 1, 2, 1, 2
"Line.trip_line_675_b_h_1", 2, 2, 1, 2, 1, 2
"Line.trip_line_632_c_h_26", 2, 2, 1, 2, 1, 2
"Line.trip_line_675_b_h_2", 2, 2, 1, 2, 1, 2
"Line.trip_line_632_c_h_27", 2, 2, 1, 2, 1, 2
"Line.trip_line_675_b_h_3", 2, 2, 1, 2, 1, 2
"Line.trip_line_633_a_h_40", 2, 2, 1, 2, 1, 2
"Line.ol_645_b_xfmr_645_b_1", 2, 1, 2, 2
"Line.ol_692_b_xfmr_692_b_1", 2, 1, 2, 2
"Line.ol_692_b_xfmr_692_b_2", 2, 1, 2, 2
"Line.ol_692_b_xfmr_692_b_3", 2, 1, 2, 2
"Line.ol_692_b_xfmr_692_b_4", 2, 1, 2, 2
"Line.ol_692_b_xfmr_692_b_5", 2, 1, 2, 2
"Line.ol_645_b_xfmr_645_b_4", 2, 1, 2, 2
"Line.ol_645_b_xfmr_645_b_5", 2, 1, 2, 2
"Line.ol_645_b_xfmr_645_b_2", 2, 1, 2, 2
"Line.ol_645_b_xfmr_645_b_3", 2, 1, 2, 2
"Line.trip_line_632_c_h_40", 2, 2, 1, 2, 1, 2
"Line.trip_line_633_a_h_30", 2, 2, 1, 2, 1, 2
"Line.trip_line_633_a_h_31", 2, 2, 1, 2, 1, 2
"Line.trip_line_633_a_h_32", 2, 2, 1, 2, 1, 2
"Line.trip_line_633_a_h_33", 2, 2, 1, 2, 1, 2
"Line.trip_line_633_a_h_38", 2, 2, 1, 2, 1, 2
"Line.trip_line_633_a_h_39", 2, 2, 1, 2, 1, 2
"Line.trip_line_633_a_h_34", 2, 2, 1, 2, 1, 2
"Line.trip_line_633_a_h_35", 2, 2, 1, 2, 1, 2
"Line.trip_line_633_a_h_36", 2, 2, 1, 2, 1, 2
"Line.trip_line_633_a_h_37", 2, 2, 1, 2, 1, 2
"Line.trip_line_671_c_h_39", 2, 2, 1, 2, 1, 2
"Line.trip_line_671_c_h_38", 2, 2, 1, 2, 1, 2
"Line.trip_line_671_c_h_35", 2, 2, 1, 2, 1, 2
"Line.trip_line_671_c_h_34", 2, 2, 1, 2, 1, 2
"Line.trip_line_671_c_h_37", 2, 2, 1, 2, 1, 2
"Line.trip_line_671_c_h_36", 2, 2, 1, 2, 1, 2
"Line.trip_line_671_c_h_31", 2, 2, 1, 2, 1, 2
"Line.trip_line_671_c_h_30", 2, 2, 1, 2, 1, 2
"Line.trip_line_671_c_h_33", 2, 2, 1, 2, 1, 2
"Line.trip_line_671_c_h_32", 2, 2, 1, 2, 1, 2
"Line.ol_671_a_xfmr_671_a_1", 2, 1, 1, 1
"Line.trip_line_692_c_h_6", 2, 2, 1, 2, 1, 2
"Line.trip_line_692_c_h_7", 2, 2, 1, 2, 1, 2
"Line.trip_line_692_c_h_4", 2, 2, 1, 2, 1, 2
"Line.trip_line_692_c_h_5", 2, 2, 1, 2, 1, 2
"Line.ol_671_a_xfmr_671_a_3", 2, 1, 1, 1
"Line.ol_671_a_xfmr_671_a_2", 2, 1, 1, 1
"Line.ol_671_a_xfmr_671_a_5", 2, 1, 1, 1
"Line.trip_line_692_c_h_8", 2, 2, 1, 2, 1, 2
"Line.ol_671_a_xfmr_671_a_4", 2, 1, 1, 1
"Line.trip_line_692_c_h_9", 2, 2, 1, 2, 1, 2
"Line.trip_line_692_c_h_2", 2, 2, 1, 2, 1, 2
"Line.trip_line_692_c_h_3", 2, 2, 1, 2, 1, 2
"Line.trip_line_675_a_h_9", 2, 2, 1, 2, 1, 2
"Line.trip_line_692_c_h_1", 2, 2, 1, 2, 1, 2
"Line.trip_line_675_a_h_7", 2, 2, 1, 2, 1, 2
"Line.trip_line_675_a_h_8", 2, 2, 1, 2, 1, 2
"Line.trip_line_675_a_h_5", 2, 2, 1, 2, 1, 2
"Line.trip_line_675_a_h_6", 2, 2, 1, 2, 1, 2
"Line.trip_line_675_a_h_3", 2, 2, 1, 2, 1, 2
"Line.trip_line_675_a_h_4", 2, 2, 1, 2, 1, 2
"Line.trip_line_675_a_h_1", 2, 2, 1, 2, 1, 2
"Line.trip_line_675_a_h_2", 2, 2, 1, 2, 1, 2
"Line.trip_line_671_c_h_40", 2, 2, 1, 2, 1, 2
"Transformer.trans_n650_n630", 2, 4, 1, 2, 3, 0, 1, 2, 3, 0
"Transformer.t633-634", 2, 4, 1, 2, 3, 0, 1, 2, 3, 0
"Transformer.xfmr_671_c_4", 3, 2, 3, 0, 1, 0, 0, 2
"Transformer.xfmr_671_c_3", 3, 2, 3, 0, 1, 0, 0, 2
"Transformer.xfmr_671_c_5", 3, 2, 3, 0, 1, 0, 0, 2
"Transformer.xfmr_671_c_2", 3, 2, 3, 0, 1, 0, 0, 2
"Transformer.xfmr_671_c_1", 3, 2, 3, 0, 1, 0, 0, 2
"Transformer.xfmr_632_b_2", 3, 2, 2, 0, 1, 0, 0, 2
"Transformer.xfmr_675_b_1", 3, 2, 2, 0, 1, 0, 0, 2
"Transformer.xfmr_632_b_1", 3, 2, 2, 0, 1, 0, 0, 2
"Transformer.xfmr_675_b_3", 3, 2, 2, 0, 1, 0, 0, 2
"Transformer.xfmr_675_b_2", 3, 2, 2, 0, 1, 0, 0, 2
"Transformer.xfmr_652_a_1", 3, 2, 1, 0, 1, 0, 0, 2
"Transformer.xfmr_652_a_3", 3, 2, 1, 0, 1, 0, 0, 2
"Transformer.xfmr_652_a_2", 3, 2, 1, 0, 1, 0, 0, 2
"Transformer.xfmr_652_a_5", 3, 2, 1, 0, 1, 0, 0, 2
"Transformer.xfmr_652_a_4", 3, 2, 1, 0, 1, 0, 0, 2
"Transformer.xfmr_645_c_5", 3, 2, 3, 0, 1, 0, 0, 2
"Transformer.xfmr_645_c_4", 3, 2, 3, 0, 1, 0, 0, 2
"Transformer.xfmr_632_c_5", 3, 2, 3, 0, 1, 0, 0, 2
"Transformer.xfmr_645_c_3", 3, 2, 3, 0, 1, 0, 0, 2
"Transformer.xfmr_675_c_4", 3, 2, 3, 0, 1, 0, 0, 2
"Transformer.xfmr_680_a_2", 3, 2, 1, 0, 1, 0, 0, 2
"Transformer.xfmr_632_c_4", 3, 2, 3, 0, 1, 0, 0, 2
"Transformer.xfmr_645_c_2", 3, 2, 3, 0, 1, 0, 0, 2
"Transformer.xfmr_675_c_3", 3, 2, 3, 0, 1, 0, 0, 2
"Transformer.xfmr_680_a_1", 3, 2, 1, 0, 1, 0, 0, 2
"Transformer.xfmr_632_c_3", 3, 2, 3, 0, 1, 0, 0, 2
"Transformer.xfmr_645_c_1", 3, 2, 3, 0, 1, 0, 0, 2
"Transformer.xfmr_632_c_2", 3, 2, 3, 0, 1, 0, 0, 2
"Transformer.xfmr_675_c_5", 3, 2, 3, 0, 1, 0, 0, 2
"Transformer.xfmr_680_a_5", 3, 2, 1, 0, 1, 0, 0, 2
"Transformer.xfmr_680_a_4", 3, 2, 1, 0, 1, 0, 0, 2
"Transformer.xfmr_680_a_3", 3, 2, 1, 0, 1, 0, 0, 2
"Transformer.xfmr_684_a_3", 3, 2, 1, 0, 1, 0, 0, 2
"Transformer.xfmr_684_a_4", 3, 2, 1, 0, 1, 0, 0, 2
"Transformer.xfmr_684_a_5", 3, 2, 1, 0, 1, 0, 0, 2
"Transformer.xfmr_692_a_1", 3, 2, 1, 0, 1, 0, 0, 2
"Transformer.xfmr_633_a_4", 3, 2, 1, 0, 1, 0, 0, 2
"Transformer.xfmr_633_a_3", 3, 2, 1, 0, 1, 0, 0, 2
"Transformer.xfmr_684_a_1", 3, 2, 1, 0, 1, 0, 0, 2
"Transformer.xfmr_633_a_5", 3, 2, 1, 0, 1, 0, 0, 2
"Transformer.xfmr_684_a_2", 3, 2, 1, 0, 1, 0, 0, 2
"Transformer.xfmr_632_a_3", 3, 2, 1, 0, 1, 0, 0, 2
"Transformer.xfmr_675_a_2", 3, 2, 1, 0, 1, 0, 0, 2
"Transformer.xfmr_632_a_2", 3, 2, 1, 0, 1, 0, 0, 2
"Transformer.xfmr_675_a_1", 3, 2, 1, 0, 1, 0, 0, 2
"Transformer.xfmr_632_a_1", 3, 2, 1, 0, 1, 0, 0, 2
"Transformer.xfmr_675_a_4", 3, 2, 1, 0, 1, 0, 0, 2
"Transformer.xfmr_675_a_3", 3, 2, 1, 0, 1, 0, 0, 2
"Transformer.xfmr_692_a_2", 3, 2, 1, 0, 1, 0, 0, 2
"Transformer.xfmr_692_a_3", 3, 2, 1, 0, 1, 0, 0, 2
"Transformer.xfmr_692_a_4", 3, 2, 1, 0, 1, 0, 0, 2
"Transformer.xfmr_692_a_5", 3, 2, 1, 0, 1, 0, 0, 2
"Transformer.xfmr_645_b_5", 3, 2, 2, 0, 1, 0, 0, 2
"Transformer.xfmr_645_b_4", 3, 2, 2, 0, 1, 0, 0, 2
"Transformer.xfmr_675_b_5", 3, 2, 2, 0, 1, 0, 0, 2
"Transformer.xfmr_632_b_5", 3, 2, 2, 0, 1, 0, 0, 2
"Transformer.xfmr_645_b_3", 3, 2, 2, 0, 1, 0, 0, 2
"Transformer.xfmr_675_b_4", 3, 2, 2, 0, 1, 0, 0, 2
"Transformer.xfmr_632_b_4", 3, 2, 2, 0, 1, 0, 0, 2
"Transformer.xfmr_645_b_2", 3, 2, 2, 0, 1, 0, 0, 2
"Transformer.xfmr_632_b_3", 3, 2, 2, 0, 1, 0, 0, 2
"Transformer.xfmr_645_b_1", 3, 2, 2, 0, 1, 0, 0, 2
"Transformer.xfmr_611_c_1", 3, 2, 3, 0, 1, 0, 0, 2
"Transformer.xfmr_611_c_2", 3, 2, 3, 0, 1, 0, 0, 2
"Transformer.xfmr_671_a_5", 3, 2, 1, 0, 1, 0, 0, 2
"Transformer.xfmr_611_c_3", 3, 2, 3, 0, 1, 0, 0, 2
"Transformer.xfmr_611_c_4", 3, 2, 3, 0, 1, 0, 0, 2
"Transformer.xfmr_611_c_5", 3, 2, 3, 0, 1, 0, 0, 2
"Transformer.xfmr_633_b_3", 3, 2, 2, 0, 1, 0, 0, 2
"Transformer.xfmr_671_a_2", 3, 2, 1, 0, 1, 0, 0, 2
"Transformer.xfmr_633_b_2", 3, 2, 2, 0, 1, 0, 0, 2
"Transformer.xfmr_671_a_1", 3, 2, 1, 0, 1, 0, 0, 2
"Transformer.xfmr_633_b_5", 3, 2, 2, 0, 1, 0, 0, 2
"Transformer.xfmr_671_a_4", 3, 2, 1, 0, 1, 0, 0, 2
"Transformer.xfmr_633_b_4", 3, 2, 2, 0, 1, 0, 0, 2
"Transformer.xfmr_671_a_3", 3, 2, 1, 0, 1, 0, 0, 2
"Transformer.xfmr_692_b_5", 3, 2, 2, 0, 1, 0, 0, 2
"Transformer.xfmr_692_b_1", 3, 2, 2, 0, 1, 0, 0, 2
"Transformer.xfmr_692_b_2", 3, 2, 2, 0, 1, 0, 0, 2
"Transformer.xfmr_692_b_3", 3, 2, 2, 0, 1, 0, 0, 2
"Transformer.xfmr_692_b_4", 3, 2, 2, 0, 1, 0, 0, 2
"Transformer.xfmr_675_a_5", 3, 2, 1, 0, 1, 0, 0, 2
"Transformer.xfmr_632_a_5", 3, 2, 1, 0, 1, 0, 0, 2
"Transformer.xfmr_632_a_4", 3, 2, 1, 0, 1, 0, 0, 2
"Transformer.xfmr_680_c_4", 3, 2, 3, 0, 1, 0, 0, 2
"Transformer.xfmr_680_c_3", 3, 2, 3, 0, 1, 0, 0, 2
"Transformer.xfmr_633_a_2", 3, 2, 1, 0, 1, 0, 0, 2
"Transformer.xfmr_680_c_2", 3, 2, 3, 0, 1, 0, 0, 2
"Transformer.xfmr_633_a_1", 3, 2, 1, 0, 1, 0, 0, 2
"Transformer.xfmr_680_c_1", 3, 2, 3, 0, 1, 0, 0, 2
"Transformer.xfmr_680_c_5", 3, 2, 3, 0, 1, 0, 0, 2
"Transformer.xfmr_671_b_5", 3, 2, 2, 0, 1, 0, 0, 2
"Transformer.xfmr_684_c_1", 3, 2, 3, 0, 1, 0, 0, 2
"Transformer.xfmr_671_b_4", 3, 2, 2, 0, 1, 0, 0, 2
"Transformer.xfmr_684_c_2", 3, 2, 3, 0, 1, 0, 0, 2
"Transformer.xfmr_633_c_5", 3, 2, 3, 0, 1, 0, 0, 2
"Transformer.xfmr_684_c_3", 3, 2, 3, 0, 1, 0, 0, 2
"Transformer.xfmr_684_c_4", 3, 2, 3, 0, 1, 0, 0, 2
"Transformer.xfmr_633_c_3", 3, 2, 3, 0, 1, 0, 0, 2
"Transformer.xfmr_671_b_1", 3, 2, 2, 0, 1, 0, 0, 2
"Transformer.xfmr_633_c_4", 3, 2, 3, 0, 1, 0, 0, 2
"Transformer.xfmr_633_c_1", 3, 2, 3, 0, 1, 0, 0, 2
"Transformer.xfmr_671_b_3", 3, 2, 2, 0, 1, 0, 0, 2
"Transformer.xfmr_633_c_2", 3, 2, 3, 0, 1, 0, 0, 2
"Transformer.xfmr_671_b_2", 3, 2, 2, 0, 1, 0, 0, 2
"Transformer.xfmr_632_c_1", 3, 2, 3, 0, 1, 0, 0, 2
"Transformer.xfmr_692_c_4", 3, 2, 3, 0, 1, 0, 0, 2
"Transformer.xfmr_692_c_5", 3, 2, 3, 0, 1, 0, 0, 2
"Transformer.xfmr_675_c_2", 3, 2, 3, 0, 1, 0, 0, 2
"Transformer.xfmr_675_c_1", 3, 2, 3, 0, 1, 0, 0, 2
"Transformer.xfmr_692_c_1", 3, 2, 3, 0, 1, 0, 0, 2
"Transformer.xfmr_692_c_2", 3, 2, 3, 0, 1, 0, 0, 2
"Transformer.xfmr_692_c_3", 3, 2, 3, 0, 1, 0, 0, 2
"Transformer.xfmr_680_b_1", 3, 2, 2, 0, 1, 0, 0, 2
"Transformer.xfmr_680_b_5", 3, 2, 2, 0, 1, 0, 0, 2
"Transformer.xfmr_680_b_4", 3, 2, 2, 0, 1, 0, 0, 2
"Transformer.xfmr_633_b_1", 3, 2, 2, 0, 1, 0, 0, 2
"Transformer.xfmr_680_b_3", 3, 2, 2, 0, 1, 0, 0, 2
"Transformer.xfmr_680_b_2", 3, 2, 2, 0, 1, 0, 0, 2
"Transformer.xfmr_684_c_5", 3, 2, 3, 0, 1, 0, 0, 2
"Capacitor.cap1", 2, 3, 1, 2, 3, 0, 0, 0
"Capacitor.cap2", 2, 3, 1, 2, 3, 0, 0, 0
"Load.trip_load_633_b_40", 1, 2, 1, 2
"Load.trip_load_645_b_5", 1, 2, 1, 2
"Load.trip_load_645_c_15", 1, 2, 1, 2
"Load.trip_load_671_c_40", 1, 2, 1, 2
"Load.trip_load_645_b_4", 1, 2, 1, 2
"Load.trip_load_645_c_14", 1, 2, 1, 2
"Load.trip_load_645_b_7", 1, 2, 1, 2
"Load.trip_load_645_c_13", 1, 2, 1, 2
"Load.trip_load_645_b_6", 1, 2, 1, 2
"Load.trip_load_645_c_12", 1, 2, 1, 2
"Load.trip_load_645_b_9", 1, 2, 1, 2
"Load.trip_load_645_c_11", 1, 2, 1, 2
"Load.trip_load_645_b_8", 1, 2, 1, 2
"Load.trip_load_645_c_10", 1, 2, 1, 2
"Load.trip_load_684_c_9", 1, 2, 1, 2
"Load.trip_load_684_c_8", 1, 2, 1, 2
"Load.trip_load_645_c_19", 1, 2, 1, 2
"Load.trip_load_645_c_18", 1, 2, 1, 2
"Load.trip_load_645_c_17", 1, 2, 1, 2
"Load.trip_load_645_c_16", 1, 2, 1, 2
"Load.trip_load_633_b_35", 1, 2, 1, 2
"Load.trip_load_633_b_34", 1, 2, 1, 2
"Load.trip_load_633_b_33", 1, 2, 1, 2
"Load.trip_load_633_b_32", 1, 2, 1, 2
"Load.trip_load_633_b_31", 1, 2, 1, 2
"Load.trip_load_633_b_30", 1, 2, 1, 2
"Load.trip_load_684_c_7", 1, 2, 1, 2
"Load.trip_load_684_c_6", 1, 2, 1, 2
"Load.trip_load_684_c_5", 1, 2, 1, 2
"Load.trip_load_684_c_4", 1, 2, 1, 2
"Load.trip_load_633_b_39", 1, 2, 1, 2
"Load.trip_load_645_b_1", 1, 2, 1, 2
"Load.trip_load_684_c_3", 1, 2, 1, 2
"Load.trip_load_633_b_38", 1, 2, 1, 2
"Load.trip_load_684_c_2", 1, 2, 1, 2
"Load.trip_load_633_b_37", 1, 2, 1, 2
"Load.trip_load_645_b_3", 1, 2, 1, 2
"Load.trip_load_684_c_1", 1, 2, 1, 2
"Load.trip_load_633_b_36", 1, 2, 1, 2
"Load.trip_load_645_b_2", 1, 2, 1, 2
"Load.trip_load_645_c_26", 1, 2, 1, 2
"Load.trip_load_645_c_25", 1, 2, 1, 2
"Load.trip_load_671_c_30", 1, 2, 1, 2
"Load.trip_load_645_c_24", 1, 2, 1, 2
"Load.trip_load_645_c_23", 1, 2, 1, 2
"Load.trip_load_645_c_22", 1, 2, 1, 2
"Load.trip_load_645_c_21", 1, 2, 1, 2
"Load.trip_load_645_c_20", 1, 2, 1, 2
"Load.trip_load_671_c_37", 1, 2, 1, 2
"Load.trip_load_671_c_38", 1, 2, 1, 2
"Load.trip_load_671_c_35", 1, 2, 1, 2
"Load.trip_load_671_c_36", 1, 2, 1, 2
"Load.trip_load_671_c_33", 1, 2, 1, 2
"Load.trip_load_645_c_29", 1, 2, 1, 2
"Load.trip_load_671_c_34", 1, 2, 1, 2
"Load.trip_load_645_c_28", 1, 2, 1, 2
"Load.trip_load_671_c_31", 1, 2, 1, 2
"Load.trip_load_645_c_27", 1, 2, 1, 2
"Load.trip_load_671_c_32", 1, 2, 1, 2
"Load.trip_load_671_c_39", 1, 2, 1, 2
"Load.trip_load_645_c_37", 1, 2, 1, 2
"Load.trip_load_645_c_36", 1, 2, 1, 2
"Load.trip_load_645_c_35", 1, 2, 1, 2
"Load.trip_load_645_c_34", 1, 2, 1, 2
"Load.trip_load_692_a_9", 1, 2, 1, 2
"Load.trip_load_645_c_33", 1, 2, 1, 2
"Load.trip_load_692_a_8", 1, 2, 1, 2
"Load.trip_load_645_c_32", 1, 2, 1, 2
"Load.trip_load_692_a_7", 1, 2, 1, 2
"Load.trip_load_645_c_31", 1, 2, 1, 2
"Load.trip_load_692_a_6", 1, 2, 1, 2
"Load.trip_load_645_c_30", 1, 2, 1, 2
"Load.trip_load_692_a_5", 1, 2, 1, 2
"Load.trip_load_671_c_26", 1, 2, 1, 2
"Load.trip_load_692_a_4", 1, 2, 1, 2
"Load.trip_load_671_c_27", 1, 2, 1, 2
"Load.trip_load_692_a_3", 1, 2, 1, 2
"Load.trip_load_671_c_24", 1, 2, 1, 2
"Load.trip_load_692_a_2", 1, 2, 1, 2
"Load.trip_load_671_c_25", 1, 2, 1, 2
"Load.trip_load_692_a_1", 1, 2, 1, 2
"Load.trip_load_671_c_22", 1, 2, 1, 2
"Load.trip_load_671_c_23", 1, 2, 1, 2
"Load.trip_load_645_c_39", 1, 2, 1, 2
"Load.trip_load_671_c_20", 1, 2, 1, 2
"Load.trip_load_645_c_38", 1, 2, 1, 2
"Load.trip_load_671_c_21", 1, 2, 1, 2
"Load.trip_load_671_c_28", 1, 2, 1, 2
"Load.trip_load_671_c_29", 1, 2, 1, 2
"Load.trip_load_645_c_40", 1, 2, 1, 2
"Load.trip_load_671_c_15", 1, 2, 1, 2
"Load.trip_load_671_c_16", 1, 2, 1, 2
"Load.trip_load_671_c_13", 1, 2, 1, 2
"Load.trip_load_671_c_14", 1, 2, 1, 2
"Load.trip_load_671_c_11", 1, 2, 1, 2
"Load.trip_load_671_c_12", 1, 2, 1, 2
"Load.trip_load_671_c_10", 1, 2, 1, 2
"Load.trip_load_671_c_19", 1, 2, 1, 2
"Load.trip_load_671_c_17", 1, 2, 1, 2
"Load.trip_load_671_c_18", 1, 2, 1, 2
"Load.trip_load_632_b_11", 1, 2, 1, 2
"Load.trip_load_632_b_12", 1, 2, 1, 2
"Load.trip_load_632_b_10", 1, 2, 1, 2
"Load.trip_load_632_b_15", 1, 2, 1, 2
"Load.trip_load_632_b_16", 1, 2, 1, 2
"Load.trip_load_632_b_13", 1, 2, 1, 2
"Load.trip_load_632_b_14", 1, 2, 1, 2
"Load.trip_load_632_b_19", 1, 2, 1, 2
"Load.trip_load_632_b_17", 1, 2, 1, 2
"Load.trip_load_632_b_18", 1, 2, 1, 2
"Load.trip_load_632_b_22", 1, 2, 1, 2
"Load.trip_load_632_b_23", 1, 2, 1, 2
"Load.trip_load_632_b_20", 1, 2, 1, 2
"Load.trip_load_632_b_21", 1, 2, 1, 2
"Load.trip_load_632_b_26", 1, 2, 1, 2
"Load.trip_load_632_b_27", 1, 2, 1, 2
"Load.trip_load_632_b_24", 1, 2, 1, 2
"Load.trip_load_632_b_25", 1, 2, 1, 2
"Load.trip_load_632_b_28", 1, 2, 1, 2
"Load.trip_load_632_b_29", 1, 2, 1, 2
"Load.trip_load_633_b_24", 1, 2, 1, 2
"Load.trip_load_633_b_23", 1, 2, 1, 2
"Load.trip_load_633_b_22", 1, 2, 1, 2
"Load.trip_load_633_b_21", 1, 2, 1, 2
"Load.trip_load_633_b_20", 1, 2, 1, 2
"Load.trip_load_633_b_29", 1, 2, 1, 2
"Load.trip_load_633_b_28", 1, 2, 1, 2
"Load.trip_load_633_b_27", 1, 2, 1, 2
"Load.trip_load_633_b_26", 1, 2, 1, 2
"Load.trip_load_633_b_25", 1, 2, 1, 2
"Load.trip_load_675_c_6", 1, 2, 1, 2
"Load.trip_load_632_b_30", 1, 2, 1, 2
"Load.trip_load_675_c_7", 1, 2, 1, 2
"Load.trip_load_692_c_9", 1, 2, 1, 2
"Load.trip_load_675_c_8", 1, 2, 1, 2
"Load.trip_load_692_c_8", 1, 2, 1, 2
"Load.trip_load_675_c_9", 1, 2, 1, 2
"Load.trip_load_692_c_7", 1, 2, 1, 2
"Load.trip_load_632_b_33", 1, 2, 1, 2
"Load.trip_load_692_c_6", 1, 2, 1, 2
"Load.trip_load_632_b_34", 1, 2, 1, 2
"Load.trip_load_692_c_5", 1, 2, 1, 2
"Load.trip_load_632_b_31", 1, 2, 1, 2
"Load.trip_load_692_c_4", 1, 2, 1, 2
"Load.trip_load_632_b_32", 1, 2, 1, 2
"Load.trip_load_692_c_3", 1, 2, 1, 2
"Load.trip_load_632_b_37", 1, 2, 1, 2
"Load.trip_load_692_c_2", 1, 2, 1, 2
"Load.trip_load_632_b_38", 1, 2, 1, 2
"Load.trip_load_692_c_1", 1, 2, 1, 2
"Load.trip_load_632_b_35", 1, 2, 1, 2
"Load.trip_load_632_b_36", 1, 2, 1, 2
"Load.trip_load_632_b_39", 1, 2, 1, 2
"Load.trip_load_671_a_40", 1, 2, 1, 2
"Load.trip_load_633_b_13", 1, 2, 1, 2
"Load.trip_load_633_b_12", 1, 2, 1, 2
"Load.trip_load_633_b_11", 1, 2, 1, 2
"Load.trip_load_633_b_10", 1, 2, 1, 2
"Load.trip_load_633_b_19", 1, 2, 1, 2
"Load.trip_load_633_b_18", 1, 2, 1, 2
"Load.trip_load_675_c_1", 1, 2, 1, 2
"Load.trip_load_633_b_17", 1, 2, 1, 2
"Load.trip_load_675_c_2", 1, 2, 1, 2
"Load.trip_load_633_b_16", 1, 2, 1, 2
"Load.trip_load_675_c_3", 1, 2, 1, 2
"Load.trip_load_633_b_15", 1, 2, 1, 2
"Load.trip_load_675_c_4", 1, 2, 1, 2
"Load.trip_load_633_b_14", 1, 2, 1, 2
"Load.trip_load_675_c_5", 1, 2, 1, 2
"Load.trip_load_632_b_40", 1, 2, 1, 2
"Load.trip_load_671_a_35", 1, 2, 1, 2
"Load.trip_load_680_c_15", 1, 2, 1, 2
"Load.trip_load_692_b_36", 1, 2, 1, 2
"Load.trip_load_671_a_36", 1, 2, 1, 2
"Load.trip_load_680_c_16", 1, 2, 1, 2
"Load.trip_load_692_b_35", 1, 2, 1, 2
"Load.trip_load_671_a_33", 1, 2, 1, 2
"Load.trip_load_680_c_17", 1, 2, 1, 2
"Load.trip_load_692_b_34", 1, 2, 1, 2
"Load.trip_load_671_a_34", 1, 2, 1, 2
"Load.trip_load_680_c_18", 1, 2, 1, 2
"Load.trip_load_692_b_33", 1, 2, 1, 2
"Load.trip_load_671_a_31", 1, 2, 1, 2
"Load.trip_load_680_c_19", 1, 2, 1, 2
"Load.trip_load_692_b_32", 1, 2, 1, 2
"Load.trip_load_671_a_32", 1, 2, 1, 2
"Load.trip_load_692_b_31", 1, 2, 1, 2
"Load.trip_load_692_b_30", 1, 2, 1, 2
"Load.trip_load_671_a_30", 1, 2, 1, 2
"Load.trip_load_680_c_10", 1, 2, 1, 2
"Load.trip_load_671_a_39", 1, 2, 1, 2
"Load.trip_load_680_c_11", 1, 2, 1, 2
"Load.trip_load_680_c_12", 1, 2, 1, 2
"Load.trip_load_692_b_39", 1, 2, 1, 2
"Load.trip_load_671_a_37", 1, 2, 1, 2
"Load.trip_load_680_c_13", 1, 2, 1, 2
"Load.trip_load_692_b_38", 1, 2, 1, 2
"Load.trip_load_671_a_38", 1, 2, 1, 2
"Load.trip_load_680_c_14", 1, 2, 1, 2
"Load.trip_load_692_b_37", 1, 2, 1, 2
"Load.trip_load_611_c_6", 1, 2, 1, 2
"Load.trip_load_671_a_24", 1, 2, 1, 2
"Load.trip_load_680_c_26", 1, 2, 1, 2
"Load.trip_load_692_b_25", 1, 2, 1, 2
"Load.trip_load_611_c_7", 1, 2, 1, 2
"Load.trip_load_671_a_25", 1, 2, 1, 2
"Load.trip_load_680_c_27", 1, 2, 1, 2
"Load.trip_load_692_b_24", 1, 2, 1, 2
"Load.trip_load_611_c_4", 1, 2, 1, 2
"Load.trip_load_671_a_22", 1, 2, 1, 2
"Load.trip_load_680_c_28", 1, 2, 1, 2
"Load.trip_load_692_b_23", 1, 2, 1, 2
"Load.trip_load_611_c_5", 1, 2, 1, 2
"Load.trip_load_671_a_23", 1, 2, 1, 2
"Load.trip_load_680_c_29", 1, 2, 1, 2
"Load.trip_load_692_b_22", 1, 2, 1, 2
"Load.trip_load_671_a_20", 1, 2, 1, 2
"Load.trip_load_692_b_21", 1, 2, 1, 2
"Load.trip_load_671_a_21", 1, 2, 1, 2
"Load.trip_load_692_b_20", 1, 2, 1, 2
"Load.trip_load_611_c_8", 1, 2, 1, 2
"Load.trip_load_611_c_9", 1, 2, 1, 2
"Load.trip_load_680_c_20", 1, 2, 1, 2
"Load.trip_load_680_c_21", 1, 2, 1, 2
"Load.trip_load_611_c_2", 1, 2, 1, 2
"Load.trip_load_671_a_28", 1, 2, 1, 2
"Load.trip_load_680_c_22", 1, 2, 1, 2
"Load.trip_load_692_b_29", 1, 2, 1, 2
"Load.trip_load_611_c_3", 1, 2, 1, 2
"Load.trip_load_671_a_29", 1, 2, 1, 2
"Load.trip_load_680_c_23", 1, 2, 1, 2
"Load.trip_load_692_b_28", 1, 2, 1, 2
"Load.trip_load_671_a_26", 1, 2, 1, 2
"Load.trip_load_680_c_24", 1, 2, 1, 2
"Load.trip_load_692_b_27", 1, 2, 1, 2
"Load.trip_load_611_c_1", 1, 2, 1, 2
"Load.trip_load_671_a_27", 1, 2, 1, 2
"Load.trip_load_680_c_25", 1, 2, 1, 2
"Load.trip_load_692_b_26", 1, 2, 1, 2
"Load.trip_load_671_a_13", 1, 2, 1, 2
"Load.trip_load_680_c_37", 1, 2, 1, 2
"Load.trip_load_692_b_14", 1, 2, 1, 2
"Load.trip_load_671_a_14", 1, 2, 1, 2
"Load.trip_load_680_c_38", 1, 2, 1, 2
"Load.trip_load_692_b_13", 1, 2, 1, 2
"Load.trip_load_671_a_11", 1, 2, 1, 2
"Load.trip_load_680_c_39", 1, 2, 1, 2
"Load.trip_load_692_b_12", 1, 2, 1, 2
"Load.trip_load_671_a_12", 1, 2, 1, 2
"Load.trip_load_692_b_11", 1, 2, 1, 2
"Load.trip_load_692_b_10", 1, 2, 1, 2
"Load.trip_load_671_a_10", 1, 2, 1, 2
"Load.trip_load_680_c_30", 1, 2, 1, 2
"Load.trip_load_671_a_19", 1, 2, 1, 2
"Load.trip_load_680_c_31", 1, 2, 1, 2
"Load.trip_load_680_c_32", 1, 2, 1, 2
"Load.trip_load_692_b_19", 1, 2, 1, 2
"Load.trip_load_671_a_17", 1, 2, 1, 2
"Load.trip_load_680_c_33", 1, 2, 1, 2
"Load.trip_load_692_b_18", 1, 2, 1, 2
"Load.trip_load_671_a_18", 1, 2, 1, 2
"Load.trip_load_680_c_34", 1, 2, 1, 2
"Load.trip_load_692_b_17", 1, 2, 1, 2
"Load.trip_load_671_a_15", 1, 2, 1, 2
"Load.trip_load_680_c_35", 1, 2, 1, 2
"Load.trip_load_692_b_16", 1, 2, 1, 2
"Load.trip_load_671_a_16", 1, 2, 1, 2
"Load.trip_load_680_c_36", 1, 2, 1, 2
"Load.trip_load_692_b_15", 1, 2, 1, 2
"Load.trip_load_611_c_10", 1, 2, 1, 2
"Load.trip_load_611_c_12", 1, 2, 1, 2
"Load.trip_load_611_c_11", 1, 2, 1, 2
"Load.trip_load_611_c_14", 1, 2, 1, 2
"Load.trip_load_611_c_13", 1, 2, 1, 2
"Load.trip_load_611_c_16", 1, 2, 1, 2
"Load.trip_load_611_c_15", 1, 2, 1, 2
"Load.trip_load_611_c_18", 1, 2, 1, 2
"Load.trip_load_611_c_17", 1, 2, 1, 2
"Load.trip_load_611_c_19", 1, 2, 1, 2
"Load.trip_load_680_c_40", 1, 2, 1, 2
"Load.trip_load_684_a_1", 1, 2, 1, 2
"Load.trip_load_684_a_9", 1, 2, 1, 2
"Load.trip_load_684_a_8", 1, 2, 1, 2
"Load.trip_load_684_a_7", 1, 2, 1, 2
"Load.trip_load_684_a_6", 1, 2, 1, 2
"Load.trip_load_684_a_5", 1, 2, 1, 2
"Load.trip_load_684_a_4", 1, 2, 1, 2
"Load.trip_load_684_a_3", 1, 2, 1, 2
"Load.trip_load_684_a_2", 1, 2, 1, 2
"Load.trip_load_692_b_40", 1, 2, 1, 2
"Load.trip_load_633_c_1", 1, 2, 1, 2
"Load.trip_load_633_c_2", 1, 2, 1, 2
"Load.trip_load_633_c_3", 1, 2, 1, 2
"Load.trip_load_633_c_4", 1, 2, 1, 2
"Load.trip_load_633_c_5", 1, 2, 1, 2
"Load.trip_load_633_c_6", 1, 2, 1, 2
"Load.trip_load_633_c_7", 1, 2, 1, 2
"Load.trip_load_633_c_8", 1, 2, 1, 2
"Load.trip_load_633_c_9", 1, 2, 1, 2
"Load.trip_load_611_c_21", 1, 2, 1, 2
"Load.trip_load_611_c_20", 1, 2, 1, 2
"Load.trip_load_611_c_23", 1, 2, 1, 2
"Load.trip_load_611_c_22", 1, 2, 1, 2
"Load.trip_load_611_c_25", 1, 2, 1, 2
"Load.trip_load_611_c_24", 1, 2, 1, 2
"Load.trip_load_611_c_27", 1, 2, 1, 2
"Load.trip_load_692_a_24", 1, 2, 1, 2
"Load.trip_load_611_c_26", 1, 2, 1, 2
"Load.trip_load_692_a_23", 1, 2, 1, 2
"Load.trip_load_611_c_29", 1, 2, 1, 2
"Load.trip_load_692_a_22", 1, 2, 1, 2
"Load.trip_load_611_c_28", 1, 2, 1, 2
"Load.trip_load_692_a_21", 1, 2, 1, 2
"Load.trip_load_692_a_20", 1, 2, 1, 2
"Load.trip_load_692_a_29", 1, 2, 1, 2
"Load.trip_load_692_a_28", 1, 2, 1, 2
"Load.trip_load_692_a_27", 1, 2, 1, 2
"Load.trip_load_692_a_26", 1, 2, 1, 2
"Load.trip_load_692_a_25", 1, 2, 1, 2
"Load.trip_load_611_c_30", 1, 2, 1, 2
"Load.trip_load_611_c_32", 1, 2, 1, 2
"Load.trip_load_680_b_19", 1, 2, 1, 2
"Load.trip_load_611_c_31", 1, 2, 1, 2
"Load.trip_load_680_b_18", 1, 2, 1, 2
"Load.trip_load_611_c_34", 1, 2, 1, 2
"Load.trip_load_680_b_17", 1, 2, 1, 2
"Load.trip_load_611_c_33", 1, 2, 1, 2
"Load.trip_load_680_b_16", 1, 2, 1, 2
"Load.trip_load_611_c_36", 1, 2, 1, 2
"Load.trip_load_680_b_15", 1, 2, 1, 2
"Load.trip_load_611_c_35", 1, 2, 1, 2
"Load.trip_load_680_b_14", 1, 2, 1, 2
"Load.trip_load_611_c_38", 1, 2, 1, 2
"Load.trip_load_692_a_13", 1, 2, 1, 2
"Load.trip_load_611_c_37", 1, 2, 1, 2
"Load.trip_load_692_a_12", 1, 2, 1, 2
"Load.trip_load_692_a_11", 1, 2, 1, 2
"Load.trip_load_611_c_39", 1, 2, 1, 2
"Load.trip_load_692_a_10", 1, 2, 1, 2
"Load.trip_load_671_c_1", 1, 2, 1, 2
"Load.trip_load_692_a_19", 1, 2, 1, 2
"Load.trip_load_692_a_18", 1, 2, 1, 2
"Load.trip_load_692_a_17", 1, 2, 1, 2
"Load.trip_load_692_a_16", 1, 2, 1, 2
"Load.trip_load_692_a_15", 1, 2, 1, 2
"Load.trip_load_692_a_14", 1, 2, 1, 2
"Load.trip_load_671_c_9", 1, 2, 1, 2
"Load.trip_load_680_b_13", 1, 2, 1, 2
"Load.trip_load_671_c_8", 1, 2, 1, 2
"Load.trip_load_680_b_12", 1, 2, 1, 2
"Load.trip_load_671_c_7", 1, 2, 1, 2
"Load.trip_load_680_b_11", 1, 2, 1, 2
"Load.trip_load_671_c_6", 1, 2, 1, 2
"Load.trip_load_680_b_10", 1, 2, 1, 2
"Load.trip_load_671_c_5", 1, 2, 1, 2
"Load.trip_load_671_c_4", 1, 2, 1, 2
"Load.trip_load_671_c_3", 1, 2, 1, 2
"Load.trip_load_671_c_2", 1, 2, 1, 2
"Load.trip_load_652_a_38", 1, 2, 1, 2
"Load.trip_load_611_c_40", 1, 2, 1, 2
"Load.trip_load_652_a_39", 1, 2, 1, 2
"Load.trip_load_652_a_36", 1, 2, 1, 2
"Load.trip_load_652_a_37", 1, 2, 1, 2
"Load.trip_load_680_b_29", 1, 2, 1, 2
"Load.trip_load_652_a_34", 1, 2, 1, 2
"Load.trip_load_680_b_28", 1, 2, 1, 2
"Load.trip_load_652_a_35", 1, 2, 1, 2
"Load.trip_load_680_b_27", 1, 2, 1, 2
"Load.trip_load_652_a_32", 1, 2, 1, 2
"Load.trip_load_680_b_26", 1, 2, 1, 2
"Load.trip_load_652_a_33", 1, 2, 1, 2
"Load.trip_load_680_b_25", 1, 2, 1, 2
"Load.trip_load_652_a_30", 1, 2, 1, 2
"Load.trip_load_652_a_31", 1, 2, 1, 2
"Load.trip_load_633_a_1", 1, 2, 1, 2
"Load.trip_load_633_a_2", 1, 2, 1, 2
"Load.trip_load_633_a_3", 1, 2, 1, 2
"Load.trip_load_633_a_4", 1, 2, 1, 2
"Load.trip_load_633_a_5", 1, 2, 1, 2
"Load.trip_load_633_a_6", 1, 2, 1, 2
"Load.trip_load_633_a_7", 1, 2, 1, 2
"Load.trip_load_633_a_8", 1, 2, 1, 2
"Load.trip_load_633_a_9", 1, 2, 1, 2
"Load.trip_load_680_b_24", 1, 2, 1, 2
"Load.trip_load_680_b_23", 1, 2, 1, 2
"Load.trip_load_680_b_22", 1, 2, 1, 2
"Load.trip_load_680_b_21", 1, 2, 1, 2
"Load.trip_load_680_b_20", 1, 2, 1, 2
"Load.trip_load_632_c_7", 1, 2, 1, 2
"Load.trip_load_632_c_8", 1, 2, 1, 2
"Load.trip_load_632_c_5", 1, 2, 1, 2
"Load.trip_load_632_c_6", 1, 2, 1, 2
"Load.trip_load_680_b_39", 1, 2, 1, 2
"Load.trip_load_680_b_38", 1, 2, 1, 2
"Load.trip_load_632_c_9", 1, 2, 1, 2
"Load.trip_load_680_b_37", 1, 2, 1, 2
"Load.trip_load_680_b_36", 1, 2, 1, 2
"Load.trip_load_652_a_40", 1, 2, 1, 2
"Load.trip_load_680_b_35", 1, 2, 1, 2
"Load.trip_load_680_b_34", 1, 2, 1, 2
"Load.trip_load_680_b_33", 1, 2, 1, 2
"Load.trip_load_680_b_32", 1, 2, 1, 2
"Load.trip_load_632_c_3", 1, 2, 1, 2
"Load.trip_load_680_b_31", 1, 2, 1, 2
"Load.trip_load_632_c_4", 1, 2, 1, 2
"Load.trip_load_680_b_30", 1, 2, 1, 2
"Load.trip_load_632_c_1", 1, 2, 1, 2
"Load.trip_load_632_c_2", 1, 2, 1, 2
"Load.trip_load_652_a_16", 1, 2, 1, 2
"Load.trip_load_652_a_17", 1, 2, 1, 2
"Load.trip_load_652_a_14", 1, 2, 1, 2
"Load.trip_load_652_a_15", 1, 2, 1, 2
"Load.trip_load_652_a_12", 1, 2, 1, 2
"Load.trip_load_652_a_13", 1, 2, 1, 2
"Load.trip_load_652_a_10", 1, 2, 1, 2
"Load.trip_load_652_a_11", 1, 2, 1, 2
"Load.trip_load_652_a_18", 1, 2, 1, 2
"Load.trip_load_652_a_19", 1, 2, 1, 2
"Load.trip_load_652_a_27", 1, 2, 1, 2
"Load.trip_load_652_a_28", 1, 2, 1, 2
"Load.trip_load_652_a_25", 1, 2, 1, 2
"Load.trip_load_652_a_26", 1, 2, 1, 2
"Load.trip_load_652_a_23", 1, 2, 1, 2
"Load.trip_load_652_a_24", 1, 2, 1, 2
"Load.trip_load_652_a_21", 1, 2, 1, 2
"Load.trip_load_652_a_22", 1, 2, 1, 2
"Load.trip_load_652_a_20", 1, 2, 1, 2
"Load.trip_load_675_a_40", 1, 2, 1, 2
"Load.trip_load_652_a_29", 1, 2, 1, 2
"Load.trip_load_675_c_15", 1, 2, 1, 2
"Load.trip_load_675_c_16", 1, 2, 1, 2
"Load.trip_load_675_c_13", 1, 2, 1, 2
"Load.trip_load_675_c_14", 1, 2, 1, 2
"Load.trip_load_675_c_19", 1, 2, 1, 2
"Load.trip_load_675_c_17", 1, 2, 1, 2
"Load.trip_load_675_c_18", 1, 2, 1, 2
"Load.trip_load_675_c_11", 1, 2, 1, 2
"Load.trip_load_675_c_12", 1, 2, 1, 2
"Load.trip_load_675_c_10", 1, 2, 1, 2
"Load.trip_load_632_a_9", 1, 2, 1, 2
"Load.trip_load_675_a_8", 1, 2, 1, 2
"Load.trip_load_675_a_9", 1, 2, 1, 2
"Load.trip_load_632_a_7", 1, 2, 1, 2
"Load.trip_load_632_a_8", 1, 2, 1, 2
"Load.trip_load_632_a_1", 1, 2, 1, 2
"Load.trip_load_632_a_2", 1, 2, 1, 2
"Load.trip_load_675_a_1", 1, 2, 1, 2
"Load.trip_load_675_a_2", 1, 2, 1, 2
"Load.trip_load_675_a_3", 1, 2, 1, 2
"Load.trip_load_632_a_5", 1, 2, 1, 2
"Load.trip_load_675_a_4", 1, 2, 1, 2
"Load.trip_load_632_a_6", 1, 2, 1, 2
"Load.trip_load_675_a_5", 1, 2, 1, 2
"Load.trip_load_632_a_3", 1, 2, 1, 2
"Load.trip_load_675_a_6", 1, 2, 1, 2
"Load.trip_load_632_a_4", 1, 2, 1, 2
"Load.trip_load_675_a_7", 1, 2, 1, 2
"Load.trip_load_675_a_19", 1, 2, 1, 2
"Load.trip_load_675_a_12", 1, 2, 1, 2
"Load.trip_load_675_a_11", 1, 2, 1, 2
"Load.trip_load_675_a_14", 1, 2, 1, 2
"Load.trip_load_675_a_13", 1, 2, 1, 2
"Load.trip_load_675_a_16", 1, 2, 1, 2
"Load.trip_load_675_a_15", 1, 2, 1, 2
"Load.trip_load_675_a_18", 1, 2, 1, 2
"Load.trip_load_675_a_17", 1, 2, 1, 2
"Load.trip_load_675_a_10", 1, 2, 1, 2
"Load.trip_load_680_b_9", 1, 2, 1, 2
"Load.trip_load_680_b_7", 1, 2, 1, 2
"Load.trip_load_680_b_8", 1, 2, 1, 2
"Load.trip_load_680_b_5", 1, 2, 1, 2
"Load.trip_load_680_b_6", 1, 2, 1, 2
"Load.trip_load_680_b_3", 1, 2, 1, 2
"Load.trip_load_680_b_4", 1, 2, 1, 2
"Load.trip_load_680_b_1", 1, 2, 1, 2
"Load.trip_load_680_b_2", 1, 2, 1, 2
"Load.trip_load_675_a_34", 1, 2, 1, 2
"Load.trip_load_675_a_33", 1, 2, 1, 2
"Load.trip_load_675_a_36", 1, 2, 1, 2
"Load.trip_load_675_a_35", 1, 2, 1, 2
"Load.trip_load_675_a_38", 1, 2, 1, 2
"Load.trip_load_675_a_37", 1, 2, 1, 2
"Load.trip_load_675_a_39", 1, 2, 1, 2
"Load.trip_load_675_a_30", 1, 2, 1, 2
"Load.trip_load_675_a_32", 1, 2, 1, 2
"Load.trip_load_675_a_31", 1, 2, 1, 2
"Load.trip_load_645_c_4", 1, 2, 1, 2
"Load.trip_load_645_c_3", 1, 2, 1, 2
"Load.trip_load_645_c_6", 1, 2, 1, 2
"Load.trip_load_645_c_5", 1, 2, 1, 2
"Load.trip_load_645_c_8", 1, 2, 1, 2
"Load.trip_load_645_c_7", 1, 2, 1, 2
"Load.trip_load_645_c_9", 1, 2, 1, 2
"Load.trip_load_675_a_23", 1, 2, 1, 2
"Load.trip_load_675_a_22", 1, 2, 1, 2
"Load.trip_load_675_a_25", 1, 2, 1, 2
"Load.trip_load_675_a_24", 1, 2, 1, 2
"Load.trip_load_675_a_27", 1, 2, 1, 2
"Load.trip_load_675_a_26", 1, 2, 1, 2
"Load.trip_load_675_a_29", 1, 2, 1, 2
"Load.trip_load_675_a_28", 1, 2, 1, 2
"Load.trip_load_645_c_2", 1, 2, 1, 2
"Load.trip_load_675_a_21", 1, 2, 1, 2
"Load.trip_load_645_c_1", 1, 2, 1, 2
"Load.trip_load_675_a_20", 1, 2, 1, 2
"Load.trip_load_645_b_36", 1, 2, 1, 2
"Load.trip_load_645_b_35", 1, 2, 1, 2
"Load.trip_load_645_b_34", 1, 2, 1, 2
"Load.trip_load_645_b_33", 1, 2, 1, 2
"Load.trip_load_645_b_32", 1, 2, 1, 2
"Load.trip_load_645_b_31", 1, 2, 1, 2
"Load.trip_load_645_b_30", 1, 2, 1, 2
"Load.trip_load_645_b_39", 1, 2, 1, 2
"Load.trip_load_645_b_38", 1, 2, 1, 2
"Load.trip_load_645_b_37", 1, 2, 1, 2
"Load.trip_load_633_c_14", 1, 2, 1, 2
"Load.trip_load_633_c_13", 1, 2, 1, 2
"Load.trip_load_633_c_12", 1, 2, 1, 2
"Load.trip_load_633_c_11", 1, 2, 1, 2
"Load.trip_load_633_c_10", 1, 2, 1, 2
"Load.trip_load_633_c_19", 1, 2, 1, 2
"Load.trip_load_633_c_18", 1, 2, 1, 2
"Load.trip_load_633_c_17", 1, 2, 1, 2
"Load.trip_load_633_c_16", 1, 2, 1, 2
"Load.trip_load_633_c_15", 1, 2, 1, 2
"Load.trip_load_692_b_9", 1, 2, 1, 2
"Load.trip_load_692_b_8", 1, 2, 1, 2
"Load.trip_load_692_b_7", 1, 2, 1, 2
"Load.trip_load_692_b_6", 1, 2, 1, 2
"Load.trip_load_692_b_5", 1, 2, 1, 2
"Load.trip_load_645_b_40", 1, 2, 1, 2
"Load.trip_load_692_b_4", 1, 2, 1, 2
"Load.trip_load_692_b_3", 1, 2, 1, 2
"Load.trip_load_692_b_2", 1, 2, 1, 2
"Load.trip_load_692_b_1", 1, 2, 1, 2
"Load.trip_load_632_a_10", 1, 2, 1, 2
"Load.trip_load_632_a_11", 1, 2, 1, 2
"Load.trip_load_632_a_14", 1, 2, 1, 2
"Load.trip_load_632_a_15", 1, 2, 1, 2
"Load.trip_load_632_a_12", 1, 2, 1, 2
"Load.trip_load_632_a_13", 1, 2, 1, 2
"Load.trip_load_632_a_18", 1, 2, 1, 2
"Load.trip_load_632_a_19", 1, 2, 1, 2
"Load.trip_load_632_a_16", 1, 2, 1, 2
"Load.trip_load_632_a_17", 1, 2, 1, 2
"Load.trip_load_633_c_36", 1, 2, 1, 2
"Load.trip_load_633_c_35", 1, 2, 1, 2
"Load.trip_load_633_c_34", 1, 2, 1, 2
"Load.trip_load_633_c_33", 1, 2, 1, 2
"Load.trip_load_633_c_32", 1, 2, 1, 2
"Load.trip_load_633_c_31", 1, 2, 1, 2
"Load.trip_load_633_c_30", 1, 2, 1, 2
"Load.trip_load_633_c_39", 1, 2, 1, 2
"Load.trip_load_633_c_38", 1, 2, 1, 2
"Load.trip_load_633_c_37", 1, 2, 1, 2
"Load.trip_load_632_a_21", 1, 2, 1, 2
"Load.trip_load_632_a_22", 1, 2, 1, 2
"Load.trip_load_632_a_20", 1, 2, 1, 2
"Load.trip_load_632_a_25", 1, 2, 1, 2
"Load.trip_load_632_a_26", 1, 2, 1, 2
"Load.trip_load_632_a_23", 1, 2, 1, 2
"Load.trip_load_632_a_24", 1, 2, 1, 2
"Load.trip_load_632_a_29", 1, 2, 1, 2
"Load.trip_load_632_a_27", 1, 2, 1, 2
"Load.trip_load_632_a_28", 1, 2, 1, 2
"Load.trip_load_633_c_25", 1, 2, 1, 2
"Load.trip_load_633_c_24", 1, 2, 1, 2
"Load.trip_load_633_c_23", 1, 2, 1, 2
"Load.trip_load_633_c_22", 1, 2, 1, 2
"Load.trip_load_633_c_21", 1, 2, 1, 2
"Load.trip_load_633_c_20", 1, 2, 1, 2
"Load.trip_load_633_c_29", 1, 2, 1, 2
"Load.trip_load_633_c_28", 1, 2, 1, 2
"Load.trip_load_633_c_27", 1, 2, 1, 2
"Load.trip_load_633_c_26", 1, 2, 1, 2
"Load.trip_load_671_b_40", 1, 2, 1, 2
"Load.trip_load_632_a_32", 1, 2, 1, 2
"Load.trip_load_632_a_33", 1, 2, 1, 2
"Load.trip_load_632_a_30", 1, 2, 1, 2
"Load.trip_load_632_a_31", 1, 2, 1, 2
"Load.trip_load_632_a_36", 1, 2, 1, 2
"Load.trip_load_632_a_37", 1, 2, 1, 2
"Load.trip_load_632_a_34", 1, 2, 1, 2
"Load.trip_load_632_a_35", 1, 2, 1, 2
"Load.trip_load_632_a_38", 1, 2, 1, 2
"Load.trip_load_632_a_39", 1, 2, 1, 2
"Load.trip_load_633_a_33", 1, 2, 1, 2
"Load.trip_load_675_c_37", 1, 2, 1, 2
"Load.trip_load_633_a_34", 1, 2, 1, 2
"Load.trip_load_675_c_38", 1, 2, 1, 2
"Load.trip_load_633_a_31", 1, 2, 1, 2
"Load.trip_load_675_c_35", 1, 2, 1, 2
"Load.trip_load_633_a_32", 1, 2, 1, 2
"Load.trip_load_675_c_36", 1, 2, 1, 2
"Load.trip_load_633_a_30", 1, 2, 1, 2
"Load.trip_load_675_c_39", 1, 2, 1, 2
"Load.trip_load_675_c_30", 1, 2, 1, 2
"Load.trip_load_633_a_39", 1, 2, 1, 2
"Load.trip_load_633_a_37", 1, 2, 1, 2
"Load.trip_load_675_c_33", 1, 2, 1, 2
"Load.trip_load_633_a_38", 1, 2, 1, 2
"Load.trip_load_675_c_34", 1, 2, 1, 2
"Load.trip_load_633_a_35", 1, 2, 1, 2
"Load.trip_load_675_c_31", 1, 2, 1, 2
"Load.trip_load_633_a_36", 1, 2, 1, 2
"Load.trip_load_675_c_32", 1, 2, 1, 2
"Load.trip_load_675_b_7", 1, 2, 1, 2
"Load.trip_load_632_a_40", 1, 2, 1, 2
"Load.trip_load_675_b_8", 1, 2, 1, 2
"Load.trip_load_675_b_9", 1, 2, 1, 2
"Load.trip_load_671_b_36", 1, 2, 1, 2
"Load.trip_load_671_b_37", 1, 2, 1, 2
"Load.trip_load_671_b_34", 1, 2, 1, 2
"Load.trip_load_671_b_35", 1, 2, 1, 2
"Load.trip_load_671_b_32", 1, 2, 1, 2
"Load.trip_load_671_b_33", 1, 2, 1, 2
"Load.trip_load_671_b_30", 1, 2, 1, 2
"Load.trip_load_671_b_31", 1, 2, 1, 2
"Load.trip_load_633_a_22", 1, 2, 1, 2
"Load.trip_load_675_c_26", 1, 2, 1, 2
"Load.trip_load_633_a_23", 1, 2, 1, 2
"Load.trip_load_675_c_27", 1, 2, 1, 2
"Load.trip_load_633_a_20", 1, 2, 1, 2
"Load.trip_load_675_c_24", 1, 2, 1, 2
"Load.trip_load_633_a_21", 1, 2, 1, 2
"Load.trip_load_675_c_25", 1, 2, 1, 2
"Load.trip_load_671_b_38", 1, 2, 1, 2
"Load.trip_load_675_c_28", 1, 2, 1, 2
"Load.trip_load_671_b_39", 1, 2, 1, 2
"Load.trip_load_675_c_29", 1, 2, 1, 2
"Load.trip_load_633_a_28", 1, 2, 1, 2
"Load.trip_load_675_b_1", 1, 2, 1, 2
"Load.trip_load_633_a_29", 1, 2, 1, 2
"Load.trip_load_675_b_2", 1, 2, 1, 2
"Load.trip_load_633_a_26", 1, 2, 1, 2
"Load.trip_load_675_b_3", 1, 2, 1, 2
"Load.trip_load_675_c_22", 1, 2, 1, 2
"Load.trip_load_633_a_27", 1, 2, 1, 2
"Load.trip_load_675_b_4", 1, 2, 1, 2
"Load.trip_load_675_c_23", 1, 2, 1, 2
"Load.trip_load_633_a_24", 1, 2, 1, 2
"Load.trip_load_675_b_5", 1, 2, 1, 2
"Load.trip_load_675_c_20", 1, 2, 1, 2
"Load.trip_load_633_a_25", 1, 2, 1, 2
"Load.trip_load_675_b_6", 1, 2, 1, 2
"Load.trip_load_675_c_21", 1, 2, 1, 2
"Load.trip_load_671_b_25", 1, 2, 1, 2
"Load.trip_load_671_b_26", 1, 2, 1, 2
"Load.trip_load_671_b_23", 1, 2, 1, 2
"Load.trip_load_671_b_24", 1, 2, 1, 2
"Load.trip_load_671_b_21", 1, 2, 1, 2
"Load.trip_load_671_b_22", 1, 2, 1, 2
"Load.trip_load_671_b_20", 1, 2, 1, 2
"Load.trip_load_671_b_29", 1, 2, 1, 2
"Load.trip_load_671_b_27", 1, 2, 1, 2
"Load.trip_load_671_b_28", 1, 2, 1, 2
"Load.trip_load_671_b_14", 1, 2, 1, 2
"Load.trip_load_671_b_15", 1, 2, 1, 2
"Load.trip_load_671_b_12", 1, 2, 1, 2
"Load.trip_load_671_b_13", 1, 2, 1, 2
"Load.trip_load_671_b_10", 1, 2, 1, 2
"Load.trip_load_671_b_11", 1, 2, 1, 2
"Load.trip_load_633_a_40", 1, 2, 1, 2
"Load.trip_load_671_b_18", 1, 2, 1, 2
"Load.trip_load_671_b_19", 1, 2, 1, 2
"Load.trip_load_671_b_16", 1, 2, 1, 2
"Load.trip_load_671_b_17", 1, 2, 1, 2
"Load.trip_load_675_c_40", 1, 2, 1, 2
"Load.trip_load_632_c_12", 1, 2, 1, 2
"Load.trip_load_632_c_13", 1, 2, 1, 2
"Load.trip_load_632_c_10", 1, 2, 1, 2
"Load.trip_load_632_c_11", 1, 2, 1, 2
"Load.trip_load_632_c_16", 1, 2, 1, 2
"Load.trip_load_632_c_17", 1, 2, 1, 2
"Load.trip_load_632_c_14", 1, 2, 1, 2
"Load.trip_load_632_c_15", 1, 2, 1, 2
"Load.trip_load_632_c_18", 1, 2, 1, 2
"Load.trip_load_632_c_19", 1, 2, 1, 2
"Load.trip_load_684_c_40", 1, 2, 1, 2
"Load.trip_load_680_b_40", 1, 2, 1, 2
"Load.trip_load_684_c_36", 1, 2, 1, 2
"Load.trip_load_632_c_20", 1, 2, 1, 2
"Load.trip_load_684_c_35", 1, 2, 1, 2
"Load.trip_load_684_c_34", 1, 2, 1, 2
"Load.trip_load_684_c_33", 1, 2, 1, 2
"Load.trip_load_632_c_23", 1, 2, 1, 2
"Load.trip_load_632_c_24", 1, 2, 1, 2
"Load.trip_load_684_c_39", 1, 2, 1, 2
"Load.trip_load_632_c_21", 1, 2, 1, 2
"Load.trip_load_684_c_38", 1, 2, 1, 2
"Load.trip_load_632_c_22", 1, 2, 1, 2
"Load.trip_load_684_c_37", 1, 2, 1, 2
"Load.trip_load_632_c_27", 1, 2, 1, 2
"Load.trip_load_632_c_28", 1, 2, 1, 2
"Load.trip_load_632_c_25", 1, 2, 1, 2
"Load.trip_load_632_c_26", 1, 2, 1, 2
"Load.trip_load_684_c_32", 1, 2, 1, 2
"Load.trip_load_684_c_31", 1, 2, 1, 2
"Load.trip_load_632_c_29", 1, 2, 1, 2
"Load.trip_load_684_c_30", 1, 2, 1, 2
"Load.trip_load_671_a_3", 1, 2, 1, 2
"Load.trip_load_671_a_2", 1, 2, 1, 2
"Load.trip_load_671_a_1", 1, 2, 1, 2
"Load.trip_load_671_a_9", 1, 2, 1, 2
"Load.trip_load_671_a_8", 1, 2, 1, 2
"Load.trip_load_671_a_7", 1, 2, 1, 2
"Load.trip_load_671_a_6", 1, 2, 1, 2
"Load.trip_load_671_a_5", 1, 2, 1, 2
"Load.trip_load_671_a_4", 1, 2, 1, 2
"Load.trip_load_632_c_30", 1, 2, 1, 2
"Load.trip_load_684_c_25", 1, 2, 1, 2
"Load.trip_load_632_c_31", 1, 2, 1, 2
"Load.trip_load_684_c_24", 1, 2, 1, 2
"Load.trip_load_684_c_23", 1, 2, 1, 2
"Load.trip_load_684_c_22", 1, 2, 1, 2
"Load.trip_load_632_c_34", 1, 2, 1, 2
"Load.trip_load_684_c_29", 1, 2, 1, 2
"Load.trip_load_632_c_35", 1, 2, 1, 2
"Load.trip_load_684_c_28", 1, 2, 1, 2
"Load.trip_load_632_c_32", 1, 2, 1, 2
"Load.trip_load_684_c_27", 1, 2, 1, 2
"Load.trip_load_632_c_33", 1, 2, 1, 2
"Load.trip_load_684_c_26", 1, 2, 1, 2
"Load.trip_load_632_c_38", 1, 2, 1, 2
"Load.trip_load_632_c_39", 1, 2, 1, 2
"Load.trip_load_632_c_36", 1, 2, 1, 2
"Load.trip_load_632_c_37", 1, 2, 1, 2
"Load.trip_load_684_c_21", 1, 2, 1, 2
"Load.trip_load_684_c_20", 1, 2, 1, 2
"Load.trip_load_692_a_40", 1, 2, 1, 2
"Load.trip_load_633_a_11", 1, 2, 1, 2
"Load.trip_load_633_a_12", 1, 2, 1, 2
"Load.trip_load_633_a_10", 1, 2, 1, 2
"Load.trip_load_633_a_19", 1, 2, 1, 2
"Load.trip_load_633_a_17", 1, 2, 1, 2
"Load.trip_load_633_a_18", 1, 2, 1, 2
"Load.trip_load_633_a_15", 1, 2, 1, 2
"Load.trip_load_633_a_16", 1, 2, 1, 2
"Load.trip_load_633_a_13", 1, 2, 1, 2
"Load.trip_load_633_a_14", 1, 2, 1, 2
"Load.trip_load_684_c_14", 1, 2, 1, 2
"Load.trip_load_684_c_13", 1, 2, 1, 2
"Load.trip_load_684_c_12", 1, 2, 1, 2
"Load.trip_load_632_c_40", 1, 2, 1, 2
"Load.trip_load_684_c_11", 1, 2, 1, 2
"Load.trip_load_684_c_18", 1, 2, 1, 2
"Load.trip_load_684_c_17", 1, 2, 1, 2
"Load.trip_load_684_c_16", 1, 2, 1, 2
"Load.trip_load_684_c_15", 1, 2, 1, 2
"Load.trip_load_692_a_35", 1, 2, 1, 2
"Load.trip_load_692_a_34", 1, 2, 1, 2
"Load.trip_load_692_a_33", 1, 2, 1, 2
"Load.trip_load_692_a_32", 1, 2, 1, 2
"Load.trip_load_684_c_10", 1, 2, 1, 2
"Load.trip_load_692_a_31", 1, 2, 1, 2
"Load.trip_load_692_a_30", 1, 2, 1, 2
"Load.trip_load_692_a_39", 1, 2, 1, 2
"Load.trip_load_692_a_38", 1, 2, 1, 2
"Load.trip_load_692_a_37", 1, 2, 1, 2
"Load.trip_load_692_a_36", 1, 2, 1, 2
"Load.trip_load_684_c_19", 1, 2, 1, 2
"Load.trip_load_692_c_40", 1, 2, 1, 2
"Load.trip_load_692_c_30", 1, 2, 1, 2
"Load.trip_load_692_c_31", 1, 2, 1, 2
"Load.trip_load_692_c_32", 1, 2, 1, 2
"Load.trip_load_692_c_33", 1, 2, 1, 2
"Load.trip_load_692_c_34", 1, 2, 1, 2
"Load.trip_load_692_c_35", 1, 2, 1, 2
"Load.trip_load_692_c_36", 1, 2, 1, 2
"Load.trip_load_692_c_37", 1, 2, 1, 2
"Load.trip_load_692_c_38", 1, 2, 1, 2
"Load.trip_load_692_c_39", 1, 2, 1, 2
"Load.trip_load_692_c_20", 1, 2, 1, 2
"Load.trip_load_692_c_21", 1, 2, 1, 2
"Load.trip_load_692_c_22", 1, 2, 1, 2
"Load.trip_load_692_c_23", 1, 2, 1, 2
"Load.trip_load_692_c_24", 1, 2, 1, 2
"Load.trip_load_692_c_25", 1, 2, 1, 2
"Load.trip_load_692_c_26", 1, 2, 1, 2
"Load.trip_load_684_a_40", 1, 2, 1, 2
"Load.trip_load_692_c_27", 1, 2, 1, 2
"Load.trip_load_692_c_28", 1, 2, 1, 2
"Load.trip_load_692_c_29", 1, 2, 1, 2
"Load.trip_load_684_a_33", 1, 2, 1, 2
"Load.trip_load_684_a_34", 1, 2, 1, 2
"Load.trip_load_684_a_31", 1, 2, 1, 2
"Load.trip_load_692_c_10", 1, 2, 1, 2
"Load.trip_load_684_a_32", 1, 2, 1, 2
"Load.trip_load_692_c_11", 1, 2, 1, 2
"Load.trip_load_684_a_37", 1, 2, 1, 2
"Load.trip_load_692_c_12", 1, 2, 1, 2
"Load.trip_load_684_a_38", 1, 2, 1, 2
"Load.trip_load_692_c_13", 1, 2, 1, 2
"Load.trip_load_684_a_35", 1, 2, 1, 2
"Load.trip_load_692_c_14", 1, 2, 1, 2
"Load.trip_load_684_a_36", 1, 2, 1, 2
"Load.trip_load_692_c_15", 1, 2, 1, 2
"Load.trip_load_684_a_30", 1, 2, 1, 2
"Load.trip_load_692_c_16", 1, 2, 1, 2
"Load.trip_load_692_c_17", 1, 2, 1, 2
"Load.trip_load_684_a_39", 1, 2, 1, 2
"Load.trip_load_692_c_18", 1, 2, 1, 2
"Load.trip_load_692_c_19", 1, 2, 1, 2
"Load.trip_load_684_a_22", 1, 2, 1, 2
"Load.trip_load_684_a_23", 1, 2, 1, 2
"Load.trip_load_684_a_20", 1, 2, 1, 2
"Load.trip_load_684_a_21", 1, 2, 1, 2
"Load.trip_load_684_a_26", 1, 2, 1, 2
"Load.trip_load_684_a_27", 1, 2, 1, 2
"Load.trip_load_684_a_24", 1, 2, 1, 2
"Load.trip_load_684_a_25", 1, 2, 1, 2
"Load.trip_load_633_b_1", 1, 2, 1, 2
"Load.trip_load_633_b_2", 1, 2, 1, 2
"Load.trip_load_633_b_3", 1, 2, 1, 2
"Load.trip_load_633_b_4", 1, 2, 1, 2
"Load.trip_load_633_b_5", 1, 2, 1, 2
"Load.trip_load_633_b_6", 1, 2, 1, 2
"Load.trip_load_633_b_7", 1, 2, 1, 2
"Load.trip_load_633_b_8", 1, 2, 1, 2
"Load.trip_load_633_b_9", 1, 2, 1, 2
"Load.trip_load_684_a_28", 1, 2, 1, 2
"Load.trip_load_684_a_29", 1, 2, 1, 2
"Load.trip_load_684_a_11", 1, 2, 1, 2
"Load.trip_load_684_a_12", 1, 2, 1, 2
"Load.trip_load_684_a_10", 1, 2, 1, 2
"Load.trip_load_684_a_15", 1, 2, 1, 2
"Load.trip_load_684_a_16", 1, 2, 1, 2
"Load.trip_load_684_a_13", 1, 2, 1, 2
"Load.trip_load_684_a_14", 1, 2, 1, 2
"Load.trip_load_684_a_19", 1, 2, 1, 2
"Load.trip_load_684_a_17", 1, 2, 1, 2
"Load.trip_load_684_a_18", 1, 2, 1, 2
"Load.trip_load_680_a_19", 1, 2, 1, 2
"Load.trip_load_680_a_18", 1, 2, 1, 2
"Load.trip_load_680_a_17", 1, 2, 1, 2
"Load.trip_load_680_a_16", 1, 2, 1, 2
"Load.trip_load_680_a_15", 1, 2, 1, 2
"Load.trip_load_680_a_14", 1, 2, 1, 2
"Load.trip_load_680_a_13", 1, 2, 1, 2
"Load.trip_load_680_a_12", 1, 2, 1, 2
"Load.trip_load_680_a_11", 1, 2, 1, 2
"Load.trip_load_680_a_10", 1, 2, 1, 2
"Load.trip_load_680_a_29", 1, 2, 1, 2
"Load.trip_load_680_a_28", 1, 2, 1, 2
"Load.trip_load_680_a_27", 1, 2, 1, 2
"Load.trip_load_680_a_26", 1, 2, 1, 2
"Load.trip_load_680_a_25", 1, 2, 1, 2
"Load.trip_load_680_a_24", 1, 2, 1, 2
"Load.trip_load_680_c_8", 1, 2, 1, 2
"Load.trip_load_680_c_9", 1, 2, 1, 2
"Load.trip_load_680_c_6", 1, 2, 1, 2
"Load.trip_load_680_c_7", 1, 2, 1, 2
"Load.trip_load_680_c_4", 1, 2, 1, 2
"Load.trip_load_680_c_5", 1, 2, 1, 2
"Load.trip_load_680_a_23", 1, 2, 1, 2
"Load.trip_load_680_c_2", 1, 2, 1, 2
"Load.trip_load_680_a_22", 1, 2, 1, 2
"Load.trip_load_680_c_3", 1, 2, 1, 2
"Load.trip_load_680_a_21", 1, 2, 1, 2
"Load.trip_load_680_a_20", 1, 2, 1, 2
"Load.trip_load_680_c_1", 1, 2, 1, 2
"Load.trip_load_680_a_39", 1, 2, 1, 2
"Load.trip_load_680_a_38", 1, 2, 1, 2
"Load.trip_load_680_a_37", 1, 2, 1, 2
"Load.trip_load_680_a_36", 1, 2, 1, 2
"Load.trip_load_680_a_35", 1, 2, 1, 2
"Load.trip_load_680_a_34", 1, 2, 1, 2
"Load.trip_load_680_a_33", 1, 2, 1, 2
"Load.trip_load_680_a_32", 1, 2, 1, 2
"Load.trip_load_680_a_31", 1, 2, 1, 2
"Load.trip_load_680_a_30", 1, 2, 1, 2
"Load.trip_load_632_b_8", 1, 2, 1, 2
"Load.trip_load_632_b_9", 1, 2, 1, 2
"Load.trip_load_632_b_6", 1, 2, 1, 2
"Load.trip_load_632_b_7", 1, 2, 1, 2
"Load.trip_load_632_b_1", 1, 2, 1, 2
"Load.trip_load_632_b_4", 1, 2, 1, 2
"Load.trip_load_632_b_5", 1, 2, 1, 2
"Load.trip_load_680_a_40", 1, 2, 1, 2
"Load.trip_load_632_b_2", 1, 2, 1, 2
"Load.trip_load_632_b_3", 1, 2, 1, 2
"Load.trip_load_671_b_2", 1, 2, 1, 2
"Load.trip_load_671_b_1", 1, 2, 1, 2
"Load.trip_load_671_b_9", 1, 2, 1, 2
"Load.trip_load_671_b_8", 1, 2, 1, 2
"Load.trip_load_671_b_7", 1, 2, 1, 2
"Load.trip_load_671_b_6", 1, 2, 1, 2
"Load.trip_load_671_b_5", 1, 2, 1, 2
"Load.trip_load_671_b_4", 1, 2, 1, 2
"Load.trip_load_671_b_3", 1, 2, 1, 2
"Load.trip_load_675_b_24", 1, 2, 1, 2
"Load.trip_load_675_b_23", 1, 2, 1, 2
"Load.trip_load_675_b_26", 1, 2, 1, 2
"Load.trip_load_675_b_25", 1, 2, 1, 2
"Load.trip_load_675_b_28", 1, 2, 1, 2
"Load.trip_load_675_b_27", 1, 2, 1, 2
"Load.trip_load_675_b_29", 1, 2, 1, 2
"Load.trip_load_675_b_20", 1, 2, 1, 2
"Load.trip_load_675_b_22", 1, 2, 1, 2
"Load.trip_load_675_b_21", 1, 2, 1, 2
"Load.trip_load_675_b_13", 1, 2, 1, 2
"Load.trip_load_675_b_12", 1, 2, 1, 2
"Load.trip_load_675_b_15", 1, 2, 1, 2
"Load.trip_load_675_b_14", 1, 2, 1, 2
"Load.trip_load_675_b_17", 1, 2, 1, 2
"Load.trip_load_675_b_16", 1, 2, 1, 2
"Load.trip_load_675_b_19", 1, 2, 1, 2
"Load.trip_load_675_b_18", 1, 2, 1, 2
"Load.trip_load_675_b_11", 1, 2, 1, 2
"Load.trip_load_675_b_10", 1, 2, 1, 2
"Load.trip_load_675_b_40", 1, 2, 1, 2
"Load.trip_load_675_b_35", 1, 2, 1, 2
"Load.trip_load_675_b_34", 1, 2, 1, 2
"Load.trip_load_675_b_37", 1, 2, 1, 2
"Load.trip_load_675_b_36", 1, 2, 1, 2
"Load.trip_load_675_b_39", 1, 2, 1, 2
"Load.trip_load_675_b_38", 1, 2, 1, 2
"Load.trip_load_675_b_31", 1, 2, 1, 2
"Load.trip_load_675_b_30", 1, 2, 1, 2
"Load.trip_load_675_b_33", 1, 2, 1, 2
"Load.trip_load_675_b_32", 1, 2, 1, 2
"Load.trip_load_633_c_40", 1, 2, 1, 2
"Load.trip_load_645_b_14", 1, 2, 1, 2
"Load.trip_load_645_b_13", 1, 2, 1, 2
"Load.trip_load_645_b_12", 1, 2, 1, 2
"Load.trip_load_645_b_11", 1, 2, 1, 2
"Load.trip_load_645_b_10", 1, 2, 1, 2
"Load.trip_load_645_b_19", 1, 2, 1, 2
"Load.trip_load_645_b_18", 1, 2, 1, 2
"Load.trip_load_652_a_9", 1, 2, 1, 2
"Load.trip_load_645_b_17", 1, 2, 1, 2
"Load.trip_load_645_b_16", 1, 2, 1, 2
"Load.trip_load_645_b_15", 1, 2, 1, 2
"Load.trip_load_652_a_5", 1, 2, 1, 2
"Load.trip_load_652_a_6", 1, 2, 1, 2
"Load.trip_load_652_a_7", 1, 2, 1, 2
"Load.trip_load_652_a_8", 1, 2, 1, 2
"Load.trip_load_652_a_1", 1, 2, 1, 2
"Load.trip_load_652_a_2", 1, 2, 1, 2
"Load.trip_load_652_a_3", 1, 2, 1, 2
"Load.trip_load_652_a_4", 1, 2, 1, 2
"Load.trip_load_645_b_25", 1, 2, 1, 2
"Load.trip_load_645_b_24", 1, 2, 1, 2
"Load.trip_load_645_b_23", 1, 2, 1, 2
"Load.trip_load_645_b_22", 1, 2, 1, 2
"Load.trip_load_645_b_21", 1, 2, 1, 2
"Load.trip_load_645_b_20", 1, 2, 1, 2
"Load.trip_load_645_b_29", 1, 2, 1, 2
"Load.trip_load_645_b_28", 1, 2, 1, 2
"Load.trip_load_645_b_27", 1, 2, 1, 2
"Load.trip_load_645_b_26", 1, 2, 1, 2
"Load.trip_load_680_a_8", 1, 2, 1, 2
"Load.trip_load_680_a_9", 1, 2, 1, 2
"Load.trip_load_680_a_6", 1, 2, 1, 2
"Load.trip_load_680_a_7", 1, 2, 1, 2
"Load.trip_load_680_a_4", 1, 2, 1, 2
"Load.trip_load_680_a_5", 1, 2, 1, 2
"Load.trip_load_680_a_2", 1, 2, 1, 2
"Load.trip_load_680_a_3", 1, 2, 1, 2
"Load.trip_load_680_a_1", 1, 2, 1, 2
